<?xml version="1.0" encoding="UTF-8"?>
<!DOCTYPE mapper PUBLIC "-//mybatis.org//DTD Mapper 3.0//EN" "http://mybatis.org/dtd/mybatis-3-mapper.dtd">
<mapper namespace="com.bage.finance.biz.mapper.AccountBookMapper">
  <resultMap id="BaseResultMap" type="com.bage.finance.biz.domain.AccountBook">
    <id column="id" jdbcType="BIGINT" property="id" />
    <result column="company_name" jdbcType="VARCHAR" property="companyName" />
    <result column="unified_social_credit_code" jdbcType="VARCHAR" property="unifiedSocialCreditCode" />
    <result column="industry_id" jdbcType="INTEGER" property="industryId" />
    <result column="value_added_tax_cate" jdbcType="TINYINT" property="valueAddedTaxCate" />
    <result column="enable_voucher_verify" jdbcType="BIT" property="enableVoucherVerify" />
    <result column="start_time" jdbcType="TIMESTAMP" property="startTime" />
    <result column="accounting_standard" jdbcType="TINYINT" property="accountingStandard" />
    <result column="enable_fixed_assets" jdbcType="BIT" property="enableFixedAssets" />
    <result column="enable_capital" jdbcType="BIT" property="enableCapital" />
    <result column="enable_psi" jdbcType="BIT" property="enablePsi" />
    <result column="disable" jdbcType="BIT" property="disable" />
    <result column="create_time" jdbcType="TIMESTAMP" property="createTime" />
    <result column="update_time" jdbcType="TIMESTAMP" property="updateTime" />
    <result column="member_id" jdbcType="BIGINT" property="memberId" />
    <result column="update_member_id" jdbcType="BIGINT" property="updateMemberId" />
    <result column="del_flag" jdbcType="BIT" property="delFlag" />
    <result column="tenant_id" jdbcType="BIGINT" property="tenantId" />
  </resultMap>
  <sql id="Base_Column_List">
    id, company_name, unified_social_credit_code, industry_id, value_added_tax_cate, 
    enable_voucher_verify, start_time, accounting_standard, enable_fixed_assets, enable_capital, 
    enable_psi, disable, create_time, update_time, member_id, update_member_id, del_flag, 
    tenant_id
  </sql>
  <select id="selectByPrimaryKey" parameterType="java.lang.Long" resultMap="BaseResultMap">
    select 
    <include refid="Base_Column_List" />
    from account_book
    where id = #{id,jdbcType=BIGINT}
  </select>
  <delete id="deleteByPrimaryKey" parameterType="java.lang.Long">
    delete from account_book
    where id = #{id,jdbcType=BIGINT}
  </delete>
  <insert id="insert" parameterType="com.bage.finance.biz.domain.AccountBook">
    <selectKey keyProperty="id" order="AFTER" resultType="java.lang.Long">
      SELECT LAST_INSERT_ID()
    </selectKey>
    insert into account_book (company_name, unified_social_credit_code, 
      industry_id, value_added_tax_cate, enable_voucher_verify, 
      start_time, accounting_standard, enable_fixed_assets, 
      enable_capital, enable_psi, disable, 
      create_time, update_time, member_id, 
      update_member_id, del_flag, tenant_id
      )
    values (#{companyName,jdbcType=VARCHAR}, #{unifiedSocialCreditCode,jdbcType=VARCHAR}, 
      #{industryId,jdbcType=INTEGER}, #{valueAddedTaxCate,jdbcType=TINYINT}, #{enableVoucherVerify,jdbcType=BIT}, 
      #{startTime,jdbcType=TIMESTAMP}, #{accountingStandard,jdbcType=TINYINT}, #{enableFixedAssets,jdbcType=BIT}, 
      #{enableCapital,jdbcType=BIT}, #{enablePsi,jdbcType=BIT}, #{disable,jdbcType=BIT}, 
      #{createTime,jdbcType=TIMESTAMP}, #{updateTime,jdbcType=TIMESTAMP}, #{memberId,jdbcType=BIGINT}, 
      #{updateMemberId,jdbcType=BIGINT}, #{delFlag,jdbcType=BIT}, #{tenantId,jdbcType=BIGINT}
      )
  </insert>
  <insert id="insertSelective" parameterType="com.bage.finance.biz.domain.AccountBook">
    <selectKey keyProperty="id" order="AFTER" resultType="java.lang.Long">
      SELECT LAST_INSERT_ID()
    </selectKey>
    insert into account_book
    <trim prefix="(" suffix=")" suffixOverrides=",">
      <if test="companyName != null">
        company_name,
      </if>
      <if test="unifiedSocialCreditCode != null">
        unified_social_credit_code,
      </if>
      <if test="industryId != null">
        industry_id,
      </if>
      <if test="valueAddedTaxCate != null">
        value_added_tax_cate,
      </if>
      <if test="enableVoucherVerify != null">
        enable_voucher_verify,
      </if>
      <if test="startTime != null">
        start_time,
      </if>
      <if test="accountingStandard != null">
        accounting_standard,
      </if>
      <if test="enableFixedAssets != null">
        enable_fixed_assets,
      </if>
      <if test="enableCapital != null">
        enable_capital,
      </if>
      <if test="enablePsi != null">
        enable_psi,
      </if>
      <if test="disable != null">
        disable,
      </if>
      <if test="createTime != null">
        create_time,
      </if>
      <if test="updateTime != null">
        update_time,
      </if>
      <if test="memberId != null">
        member_id,
      </if>
      <if test="updateMemberId != null">
        update_member_id,
      </if>
      <if test="delFlag != null">
        del_flag,
      </if>
      <if test="tenantId != null">
        tenant_id,
      </if>
    </trim>
    <trim prefix="values (" suffix=")" suffixOverrides=",">
      <if test="companyName != null">
        #{companyName,jdbcType=VARCHAR},
      </if>
      <if test="unifiedSocialCreditCode != null">
        #{unifiedSocialCreditCode,jdbcType=VARCHAR},
      </if>
      <if test="industryId != null">
        #{industryId,jdbcType=INTEGER},
      </if>
      <if test="valueAddedTaxCate != null">
        #{valueAddedTaxCate,jdbcType=TINYINT},
      </if>
      <if test="enableVoucherVerify != null">
        #{enableVoucherVerify,jdbcType=BIT},
      </if>
      <if test="startTime != null">
        #{startTime,jdbcType=TIMESTAMP},
      </if>
      <if test="accountingStandard != null">
        #{accountingStandard,jdbcType=TINYINT},
      </if>
      <if test="enableFixedAssets != null">
        #{enableFixedAssets,jdbcType=BIT},
      </if>
      <if test="enableCapital != null">
        #{enableCapital,jdbcType=BIT},
      </if>
      <if test="enablePsi != null">
        #{enablePsi,jdbcType=BIT},
      </if>
      <if test="disable != null">
        #{disable,jdbcType=BIT},
      </if>
      <if test="createTime != null">
        #{createTime,jdbcType=TIMESTAMP},
      </if>
      <if test="updateTime != null">
        #{updateTime,jdbcType=TIMESTAMP},
      </if>
      <if test="memberId != null">
        #{memberId,jdbcType=BIGINT},
      </if>
      <if test="updateMemberId != null">
        #{updateMemberId,jdbcType=BIGINT},
      </if>
      <if test="delFlag != null">
        #{delFlag,jdbcType=BIT},
      </if>
      <if test="tenantId != null">
        #{tenantId,jdbcType=BIGINT},
      </if>
    </trim>
  </insert>
  <update id="updateByPrimaryKeySelective" parameterType="com.bage.finance.biz.domain.AccountBook">
    update account_book
    <set>
      <if test="companyName != null">
        company_name = #{companyName,jdbcType=VARCHAR},
      </if>
      <if test="unifiedSocialCreditCode != null">
        unified_social_credit_code = #{unifiedSocialCreditCode,jdbcType=VARCHAR},
      </if>
      <if test="industryId != null">
        industry_id = #{industryId,jdbcType=INTEGER},
      </if>
      <if test="valueAddedTaxCate != null">
        value_added_tax_cate = #{valueAddedTaxCate,jdbcType=TINYINT},
      </if>
      <if test="enableVoucherVerify != null">
        enable_voucher_verify = #{enableVoucherVerify,jdbcType=BIT},
      </if>
      <if test="startTime != null">
        start_time = #{startTime,jdbcType=TIMESTAMP},
      </if>
      <if test="accountingStandard != null">
        accounting_standard = #{accountingStandard,jdbcType=TINYINT},
      </if>
      <if test="enableFixedAssets != null">
        enable_fixed_assets = #{enableFixedAssets,jdbcType=BIT},
      </if>
      <if test="enableCapital != null">
        enable_capital = #{enableCapital,jdbcType=BIT},
      </if>
      <if test="enablePsi != null">
        enable_psi = #{enablePsi,jdbcType=BIT},
      </if>
      <if test="disable != null">
        disable = #{disable,jdbcType=BIT},
      </if>
      <if test="createTime != null">
        create_time = #{createTime,jdbcType=TIMESTAMP},
      </if>
      <if test="updateTime != null">
        update_time = #{updateTime,jdbcType=TIMESTAMP},
      </if>
      <if test="memberId != null">
        member_id = #{memberId,jdbcType=BIGINT},
      </if>
      <if test="updateMemberId != null">
        update_member_id = #{updateMemberId,jdbcType=BIGINT},
      </if>
      <if test="delFlag != null">
        del_flag = #{delFlag,jdbcType=BIT},
      </if>
      <if test="tenantId != null">
        tenant_id = #{tenantId,jdbcType=BIGINT},
      </if>
    </set>
    where id = #{id,jdbcType=BIGINT}
  </update>
  <update id="updateByPrimaryKey" parameterType="com.bage.finance.biz.domain.AccountBook">
    update account_book
    set company_name = #{companyName,jdbcType=VARCHAR},
      unified_social_credit_code = #{unifiedSocialCreditCode,jdbcType=VARCHAR},
      industry_id = #{industryId,jdbcType=INTEGER},
      value_added_tax_cate = #{valueAddedTaxCate,jdbcType=TINYINT},
      enable_voucher_verify = #{enableVoucherVerify,jdbcType=BIT},
      start_time = #{startTime,jdbcType=TIMESTAMP},
      accounting_standard = #{accountingStandard,jdbcType=TINYINT},
      enable_fixed_assets = #{enableFixedAssets,jdbcType=BIT},
      enable_capital = #{enableCapital,jdbcType=BIT},
      enable_psi = #{enablePsi,jdbcType=BIT},
      disable = #{disable,jdbcType=BIT},
      create_time = #{createTime,jdbcType=TIMESTAMP},
      update_time = #{updateTime,jdbcType=TIMESTAMP},
      member_id = #{memberId,jdbcType=BIGINT},
      update_member_id = #{updateMemberId,jdbcType=BIGINT},
      del_flag = #{delFlag,jdbcType=BIT},
      tenant_id = #{tenantId,jdbcType=BIGINT}
    where id = #{id,jdbcType=BIGINT}
  </update>
  <select id="list" parameterType="com.bage.mybatis.help.MyBatisWrapper" resultMap="BaseResultMap">
        <include refid="listSql"/>
    </select>
    <sql id="listSql">
        select
        <if test="selectBuilder == null">
            *
        </if>
        <if test="selectBuilder != null">
            <trim prefixOverrides="," suffixOverrides=",">
                ${selectBuilder}
            </trim>
        </if>
        from account_book
        <if test="_parameter != null">
            <include refid="Example_Where_Clause"/>
        </if>
        <if test="groupBySql != null">
            group by ${groupBySql}
        </if>
        <if test="orderByClause != null">
            order by ${orderByClause}
        </if>
        <if test="rows != null">
            <if test="offset != null">
                limit ${offset}, ${rows}
            </if>
            <if test="offset == null">
                limit ${rows}
            </if>
        </if>
    </sql>
  <sql id="Example_Where_Clause">
   <where>
            <trim prefixOverrides="and | or">
                <foreach collection="oredCriteria" item="criteria">
                    <if test="criteria.valid">
                        <if test="criteria.andOrOr">
                            and
                        </if>
                        <if test="!criteria.andOrOr">
                            or
                        </if>
                        <trim prefix="(" prefixOverrides="and | or" suffix=")">
                            <foreach collection="criteria.criteria" item="criterion">
                                <choose>
                                    <when test="criterion.noValue">
                                        ${criterion.condition}
                                    </when>
                                    <when test="criterion.singleValue">
                                        ${criterion.condition} #{criterion.value, jdbcType=${criterion.jdbcType}}
                                    </when>
                                    <when test="criterion.betweenValue">
                                        ${criterion.condition} #{criterion.value, jdbcType=${criterion.jdbcType}} and #{criterion.secondValue, jdbcType=${criterion.jdbcType}}
                                    </when>
                                    <when test="criterion.listValue">
                                        ${criterion.condition}
                                        <foreach close=")" collection="criterion.value" item="listItem" open="("
                                                 separator=",">
                                            #{listItem, jdbcType=${criterion.jdbcType}}
                                        </foreach>
                                    </when>
                                </choose>
                            </foreach>
                        </trim>
                    </if>
                </foreach>
            </trim>
        </where></sql>
    <select id="topOne" parameterType="com.bage.mybatis.help.MyBatisWrapper" resultMap="BaseResultMap">
    select
    <if test="selectBuilder != null">
      <trim prefixOverrides="," suffixOverrides=",">
         ${selectBuilder} 
      </trim>
    </if>
    from account_book
    <if test="_parameter != null">
      <include refid="Example_Where_Clause" />
    </if>
    <if test="orderByClause != null">
      order by ${orderByClause}
    </if>
    limit 1
  </select>

  <select id="count" parameterType="com.bage.mybatis.help.MyBatisWrapper" resultType="java.lang.Integer">
        <include refid="countSql"/>
    </select>
    <sql id="countSql">
        select count(*) total_count from account_book
        <if test="_parameter != null">
            <include refid="Example_Where_Clause"/>
        </if>
    </sql>
  <update id="updateField" parameterType="com.bage.mybatis.help.MyBatisWrapper">
    update account_book 
    set 
    <trim prefixOverrides="," suffixOverrides=",">
         ${example.updateSql} 
      </trim>
     <if test="example.updateSql != null">
      <include refid="Update_By_Example_Where_Clause" />
    </if>
  </update>
  <sql id="Update_By_Example_Where_Clause">
   <where>
            <trim prefixOverrides="and | or">
                <foreach collection="example.oredCriteria" item="criteria">
                    <if test="criteria.andOrOr">
                        and
                    </if>
                    <if test="!criteria.andOrOr">
                        or
                    </if>
                    <if test="criteria.valid">
                        <trim prefix="(" prefixOverrides="and" suffix=")">
                            <foreach collection="criteria.criteria" item="criterion">
                                <choose>
                                    <when test="criterion.noValue">
                                        ${criterion.condition}
                                    </when>
                                    <when test="criterion.singleValue">
                                        ${criterion.condition} #{criterion.value, jdbcType=${criterion.jdbcType}}
                                    </when>
                                    <when test="criterion.betweenValue">
                                        ${criterion.condition} #{criterion.value, jdbcType=${criterion.jdbcType}} and #{criterion.secondValue, jdbcType=${criterion.jdbcType}}
                                    </when>
                                    <when test="criterion.listValue">
                                        ${criterion.condition}
                                        <foreach close=")" collection="criterion.value" item="listItem" open="("
                                                 separator=",">
                                            #{listItem, jdbcType=${criterion.jdbcType}}
                                        </foreach>
                                    </when>
                                </choose>
                            </foreach>
                        </trim>
                    </if>
                </foreach>
            </trim>
        </where></sql>
   <update id="updateFieldBatch" parameterType="java.util.List">
           <foreach collection="list" index="index" item="example" separator=";">
               update account_book 
                   set 
               <trim prefixOverrides="," suffixOverrides=",">
                   ${example.updateSql} 
               </trim>
               <if test="example != null">
                   <include refid="Update_By_Example_Where_Clause" />
               </if>           </foreach>
  </update>
    <select id="get" parameterType="com.bage.mybatis.help.MyBatisWrapper" resultMap="BaseResultMap">
    select
    <if test="selectBuilder != null">
      <trim prefixOverrides="," suffixOverrides=",">
         ${selectBuilder} 
      </trim>
    </if>
    from account_book
    <if test="_parameter != null">
      <include refid="Example_Where_Clause" />
    </if>
    <if test="orderByClause != null">
      order by ${orderByClause}
    </if>
  </select>

  <update id="updateBatchSelective" parameterType="java.util.List">
    update account_book
   <trim prefix="set" suffixOverrides=",">
      <trim prefix="id = case" suffix="end,">
        <foreach collection="list" index="index" item="item">
          <if test="item.id != null">
            when id = #{item.id,jdbcType=BIGINT} then #{item.id,jdbcType=BIGINT}
          </if>
        </foreach>
      </trim>
  </trim>
   <trim prefix="set" suffixOverrides=",">
      <trim prefix="company_name = case" suffix="end,">
        <foreach collection="list" index="index" item="item">
          <if test="item.companyName != null">
            when id = #{item.id,jdbcType=BIGINT} then #{item.companyName,jdbcType=VARCHAR}
          </if>
        </foreach>
      </trim>
  </trim>
   <trim prefix="set" suffixOverrides=",">
      <trim prefix="unified_social_credit_code = case" suffix="end,">
        <foreach collection="list" index="index" item="item">
          <if test="item.unifiedSocialCreditCode != null">
            when id = #{item.id,jdbcType=BIGINT} then #{item.unifiedSocialCreditCode,jdbcType=VARCHAR}
          </if>
        </foreach>
      </trim>
  </trim>
   <trim prefix="set" suffixOverrides=",">
      <trim prefix="industry_id = case" suffix="end,">
        <foreach collection="list" index="index" item="item">
          <if test="item.industryId != null">
            when id = #{item.id,jdbcType=BIGINT} then #{item.industryId,jdbcType=INTEGER}
          </if>
        </foreach>
      </trim>
  </trim>
   <trim prefix="set" suffixOverrides=",">
      <trim prefix="value_added_tax_cate = case" suffix="end,">
        <foreach collection="list" index="index" item="item">
          <if test="item.valueAddedTaxCate != null">
            when id = #{item.id,jdbcType=BIGINT} then #{item.valueAddedTaxCate,jdbcType=TINYINT}
          </if>
        </foreach>
      </trim>
  </trim>
   <trim prefix="set" suffixOverrides=",">
      <trim prefix="enable_voucher_verify = case" suffix="end,">
        <foreach collection="list" index="index" item="item">
          <if test="item.enableVoucherVerify != null">
            when id = #{item.id,jdbcType=BIGINT} then #{item.enableVoucherVerify,jdbcType=BIT}
          </if>
        </foreach>
      </trim>
  </trim>
   <trim prefix="set" suffixOverrides=",">
      <trim prefix="start_time = case" suffix="end,">
        <foreach collection="list" index="index" item="item">
          <if test="item.startTime != null">
            when id = #{item.id,jdbcType=BIGINT} then #{item.startTime,jdbcType=TIMESTAMP}
          </if>
        </foreach>
      </trim>
  </trim>
   <trim prefix="set" suffixOverrides=",">
      <trim prefix="accounting_standard = case" suffix="end,">
        <foreach collection="list" index="index" item="item">
          <if test="item.accountingStandard != null">
            when id = #{item.id,jdbcType=BIGINT} then #{item.accountingStandard,jdbcType=TINYINT}
          </if>
        </foreach>
      </trim>
  </trim>
   <trim prefix="set" suffixOverrides=",">
      <trim prefix="enable_fixed_assets = case" suffix="end,">
        <foreach collection="list" index="index" item="item">
          <if test="item.enableFixedAssets != null">
            when id = #{item.id,jdbcType=BIGINT} then #{item.enableFixedAssets,jdbcType=BIT}
          </if>
        </foreach>
      </trim>
  </trim>
   <trim prefix="set" suffixOverrides=",">
      <trim prefix="enable_capital = case" suffix="end,">
        <foreach collection="list" index="index" item="item">
          <if test="item.enableCapital != null">
            when id = #{item.id,jdbcType=BIGINT} then #{item.enableCapital,jdbcType=BIT}
          </if>
        </foreach>
      </trim>
  </trim>
   <trim prefix="set" suffixOverrides=",">
      <trim prefix="enable_psi = case" suffix="end,">
        <foreach collection="list" index="index" item="item">
          <if test="item.enablePsi != null">
            when id = #{item.id,jdbcType=BIGINT} then #{item.enablePsi,jdbcType=BIT}
          </if>
        </foreach>
      </trim>
  </trim>
   <trim prefix="set" suffixOverrides=",">
      <trim prefix="disable = case" suffix="end,">
        <foreach collection="list" index="index" item="item">
          <if test="item.disable != null">
            when id = #{item.id,jdbcType=BIGINT} then #{item.disable,jdbcType=BIT}
          </if>
        </foreach>
      </trim>
  </trim>
   <trim prefix="set" suffixOverrides=",">
      <trim prefix="create_time = case" suffix="end,">
        <foreach collection="list" index="index" item="item">
          <if test="item.createTime != null">
            when id = #{item.id,jdbcType=BIGINT} then #{item.createTime,jdbcType=TIMESTAMP}
          </if>
        </foreach>
      </trim>
  </trim>
   <trim prefix="set" suffixOverrides=",">
      <trim prefix="update_time = case" suffix="end,">
        <foreach collection="list" index="index" item="item">
          <if test="item.updateTime != null">
            when id = #{item.id,jdbcType=BIGINT} then #{item.updateTime,jdbcType=TIMESTAMP}
          </if>
        </foreach>
      </trim>
  </trim>
   <trim prefix="set" suffixOverrides=",">
      <trim prefix="member_id = case" suffix="end,">
        <foreach collection="list" index="index" item="item">
          <if test="item.memberId != null">
            when id = #{item.id,jdbcType=BIGINT} then #{item.memberId,jdbcType=BIGINT}
          </if>
        </foreach>
      </trim>
  </trim>
   <trim prefix="set" suffixOverrides=",">
      <trim prefix="update_member_id = case" suffix="end,">
        <foreach collection="list" index="index" item="item">
          <if test="item.updateMemberId != null">
            when id = #{item.id,jdbcType=BIGINT} then #{item.updateMemberId,jdbcType=BIGINT}
          </if>
        </foreach>
      </trim>
  </trim>
   <trim prefix="set" suffixOverrides=",">
      <trim prefix="del_flag = case" suffix="end,">
        <foreach collection="list" index="index" item="item">
          <if test="item.delFlag != null">
            when id = #{item.id,jdbcType=BIGINT} then #{item.delFlag,jdbcType=BIT}
          </if>
        </foreach>
      </trim>
  </trim>
   <trim prefix="set" suffixOverrides=",">
      <trim prefix="tenant_id = case" suffix="end,">
        <foreach collection="list" index="index" item="item">
          <if test="item.tenantId != null">
            when id = #{item.id,jdbcType=BIGINT} then #{item.tenantId,jdbcType=BIGINT}
          </if>
        </foreach>
      </trim>
  </trim>
  where id in
    <foreach close=")" collection="list" item="item" open="(" separator=", ">
      #{item.id,jdbcType=BIGINT}
    </foreach>
</update>

  <insert id="insertBatch" keyColumn="id" keyProperty="id" parameterType="java.util.Collection" useGeneratedKeys="true">
    insert into account_book (company_name, unified_social_credit_code, industry_id, value_added_tax_cate, enable_voucher_verify, start_time, accounting_standard, enable_fixed_assets, enable_capital, enable_psi, disable, create_time, update_time, member_id, update_member_id, del_flag, tenant_id) values
    <foreach collection="list" index="index" item="item" separator=",">
      <trim prefix="(" suffix=")" suffixOverrides=",">
        #{item.companyName, jdbcType=VARCHAR},
        #{item.unifiedSocialCreditCode, jdbcType=VARCHAR},
        #{item.industryId, jdbcType=INTEGER},
        #{item.valueAddedTaxCate, jdbcType=TINYINT},
        #{item.enableVoucherVerify, jdbcType=BIT},
        #{item.startTime, jdbcType=TIMESTAMP},
        #{item.accountingStandard, jdbcType=TINYINT},
        #{item.enableFixedAssets, jdbcType=BIT},
        #{item.enableCapital, jdbcType=BIT},
        #{item.enablePsi, jdbcType=BIT},
        #{item.disable, jdbcType=BIT},
        #{item.createTime, jdbcType=TIMESTAMP},
        #{item.updateTime, jdbcType=TIMESTAMP},
        #{item.memberId, jdbcType=BIGINT},
        #{item.updateMemberId, jdbcType=BIGINT},
        #{item.delFlag, jdbcType=BIT},
        #{item.tenantId, jdbcType=BIGINT},
      </trim>
    </foreach>
  </insert>
  <insert id="insertBatchSelective" keyColumn="id" parameterType="java.util.List">
    <foreach collection="list" index="index" item="item" separator=";">
      insert into account_book 
      <trim prefix="(" suffix=")" suffixOverrides=",">
        <if test="item.companyName != null">
          company_name,
        </if>
        <if test="item.unifiedSocialCreditCode != null">
          unified_social_credit_code,
        </if>
        <if test="item.industryId != null">
          industry_id,
        </if>
        <if test="item.valueAddedTaxCate != null">
          value_added_tax_cate,
        </if>
        <if test="item.enableVoucherVerify != null">
          enable_voucher_verify,
        </if>
        <if test="item.startTime != null">
          start_time,
        </if>
        <if test="item.accountingStandard != null">
          accounting_standard,
        </if>
        <if test="item.enableFixedAssets != null">
          enable_fixed_assets,
        </if>
        <if test="item.enableCapital != null">
          enable_capital,
        </if>
        <if test="item.enablePsi != null">
          enable_psi,
        </if>
        <if test="item.disable != null">
          disable,
        </if>
        <if test="item.createTime != null">
          create_time,
        </if>
        <if test="item.updateTime != null">
          update_time,
        </if>
        <if test="item.memberId != null">
          member_id,
        </if>
        <if test="item.updateMemberId != null">
          update_member_id,
        </if>
        <if test="item.delFlag != null">
          del_flag,
        </if>
        <if test="item.tenantId != null">
          tenant_id,
        </if>
      </trim>
       values 
      <trim prefix="(" suffix=")" suffixOverrides=",">
        <if test="item.companyName != null">
          #{item.companyName, jdbcType=VARCHAR},
        </if>
        <if test="item.unifiedSocialCreditCode != null">
          #{item.unifiedSocialCreditCode, jdbcType=VARCHAR},
        </if>
        <if test="item.industryId != null">
          #{item.industryId, jdbcType=INTEGER},
        </if>
        <if test="item.valueAddedTaxCate != null">
          #{item.valueAddedTaxCate, jdbcType=TINYINT},
        </if>
        <if test="item.enableVoucherVerify != null">
          #{item.enableVoucherVerify, jdbcType=BIT},
        </if>
        <if test="item.startTime != null">
          #{item.startTime, jdbcType=TIMESTAMP},
        </if>
        <if test="item.accountingStandard != null">
          #{item.accountingStandard, jdbcType=TINYINT},
        </if>
        <if test="item.enableFixedAssets != null">
          #{item.enableFixedAssets, jdbcType=BIT},
        </if>
        <if test="item.enableCapital != null">
          #{item.enableCapital, jdbcType=BIT},
        </if>
        <if test="item.enablePsi != null">
          #{item.enablePsi, jdbcType=BIT},
        </if>
        <if test="item.disable != null">
          #{item.disable, jdbcType=BIT},
        </if>
        <if test="item.createTime != null">
          #{item.createTime, jdbcType=TIMESTAMP},
        </if>
        <if test="item.updateTime != null">
          #{item.updateTime, jdbcType=TIMESTAMP},
        </if>
        <if test="item.memberId != null">
          #{item.memberId, jdbcType=BIGINT},
        </if>
        <if test="item.updateMemberId != null">
          #{item.updateMemberId, jdbcType=BIGINT},
        </if>
        <if test="item.delFlag != null">
          #{item.delFlag, jdbcType=BIT},
        </if>
        <if test="item.tenantId != null">
          #{item.tenantId, jdbcType=BIGINT},
        </if>
      </trim>
    </foreach>
  </insert>
</mapper>