<?xml version="1.0" encoding="UTF-8"?>
<!DOCTYPE mapper PUBLIC "-//mybatis.org//DTD Mapper 3.0//EN" "http://mybatis.org/dtd/mybatis-3-mapper.dtd">
<mapper namespace="com.bage.finance.biz.mapper.TenantMapper">
  <resultMap id="BaseResultMap" type="com.bage.finance.biz.domain.Tenant">
    <id column="id" jdbcType="BIGINT" property="id" />
    <result column="name" jdbcType="VARCHAR" property="name" />
    <result column="disable" jdbcType="BIT" property="disable" />
    <result column="create_time" jdbcType="TIMESTAMP" property="createTime" />
    <result column="update_time" jdbcType="TIMESTAMP" property="updateTime" />
    <result column="admin_id" jdbcType="BIGINT" property="adminId" />
    <result column="update_admin_id" jdbcType="BIGINT" property="updateAdminId" />
    <result column="del_flag" jdbcType="BIT" property="delFlag" />
  </resultMap>
  <sql id="Base_Column_List">
    id, name, disable, create_time, update_time, admin_id, update_admin_id, del_flag
  </sql>
  <select id="selectByPrimaryKey" parameterType="java.lang.Long" resultMap="BaseResultMap">
    select 
    <include refid="Base_Column_List" />
    from tenant
    where id = #{id,jdbcType=BIGINT}
  </select>
  <delete id="deleteByPrimaryKey" parameterType="java.lang.Long">
    delete from tenant
    where id = #{id,jdbcType=BIGINT}
  </delete>
  <insert id="insert" parameterType="com.bage.finance.biz.domain.Tenant">
    <selectKey keyProperty="id" order="AFTER" resultType="java.lang.Long">
      SELECT LAST_INSERT_ID()
    </selectKey>
    insert into tenant (name, disable, create_time, 
      update_time, admin_id, update_admin_id, 
      del_flag)
    values (#{name,jdbcType=VARCHAR}, #{disable,jdbcType=BIT}, #{createTime,jdbcType=TIMESTAMP}, 
      #{updateTime,jdbcType=TIMESTAMP}, #{adminId,jdbcType=BIGINT}, #{updateAdminId,jdbcType=BIGINT}, 
      #{delFlag,jdbcType=BIT})
  </insert>
  <insert id="insertSelective" parameterType="com.bage.finance.biz.domain.Tenant">
    <selectKey keyProperty="id" order="AFTER" resultType="java.lang.Long">
      SELECT LAST_INSERT_ID()
    </selectKey>
    insert into tenant
    <trim prefix="(" suffix=")" suffixOverrides=",">
      <if test="name != null">
        name,
      </if>
      <if test="disable != null">
        disable,
      </if>
      <if test="createTime != null">
        create_time,
      </if>
      <if test="updateTime != null">
        update_time,
      </if>
      <if test="adminId != null">
        admin_id,
      </if>
      <if test="updateAdminId != null">
        update_admin_id,
      </if>
      <if test="delFlag != null">
        del_flag,
      </if>
    </trim>
    <trim prefix="values (" suffix=")" suffixOverrides=",">
      <if test="name != null">
        #{name,jdbcType=VARCHAR},
      </if>
      <if test="disable != null">
        #{disable,jdbcType=BIT},
      </if>
      <if test="createTime != null">
        #{createTime,jdbcType=TIMESTAMP},
      </if>
      <if test="updateTime != null">
        #{updateTime,jdbcType=TIMESTAMP},
      </if>
      <if test="adminId != null">
        #{adminId,jdbcType=BIGINT},
      </if>
      <if test="updateAdminId != null">
        #{updateAdminId,jdbcType=BIGINT},
      </if>
      <if test="delFlag != null">
        #{delFlag,jdbcType=BIT},
      </if>
    </trim>
  </insert>
  <update id="updateByPrimaryKeySelective" parameterType="com.bage.finance.biz.domain.Tenant">
    update tenant
    <set>
      <if test="name != null">
        name = #{name,jdbcType=VARCHAR},
      </if>
      <if test="disable != null">
        disable = #{disable,jdbcType=BIT},
      </if>
      <if test="createTime != null">
        create_time = #{createTime,jdbcType=TIMESTAMP},
      </if>
      <if test="updateTime != null">
        update_time = #{updateTime,jdbcType=TIMESTAMP},
      </if>
      <if test="adminId != null">
        admin_id = #{adminId,jdbcType=BIGINT},
      </if>
      <if test="updateAdminId != null">
        update_admin_id = #{updateAdminId,jdbcType=BIGINT},
      </if>
      <if test="delFlag != null">
        del_flag = #{delFlag,jdbcType=BIT},
      </if>
    </set>
    where id = #{id,jdbcType=BIGINT}
  </update>
  <update id="updateByPrimaryKey" parameterType="com.bage.finance.biz.domain.Tenant">
    update tenant
    set name = #{name,jdbcType=VARCHAR},
      disable = #{disable,jdbcType=BIT},
      create_time = #{createTime,jdbcType=TIMESTAMP},
      update_time = #{updateTime,jdbcType=TIMESTAMP},
      admin_id = #{adminId,jdbcType=BIGINT},
      update_admin_id = #{updateAdminId,jdbcType=BIGINT},
      del_flag = #{delFlag,jdbcType=BIT}
    where id = #{id,jdbcType=BIGINT}
  </update>
  <select id="list" parameterType="com.bage.mybatis.help.MyBatisWrapper" resultMap="BaseResultMap">
        <include refid="listSql"/>
    </select>
    <sql id="listSql">
        select
        <if test="selectBuilder == null">
            *
        </if>
        <if test="selectBuilder != null">
            <trim prefixOverrides="," suffixOverrides=",">
                ${selectBuilder}
            </trim>
        </if>
        from tenant
        <if test="_parameter != null">
            <include refid="Example_Where_Clause"/>
        </if>
        <if test="groupBySql != null">
            group by ${groupBySql}
        </if>
        <if test="orderByClause != null">
            order by ${orderByClause}
        </if>
        <if test="rows != null">
            <if test="offset != null">
                limit ${offset}, ${rows}
            </if>
            <if test="offset == null">
                limit ${rows}
            </if>
        </if>
    </sql>
  <sql id="Example_Where_Clause">
   <where>
            <trim prefixOverrides="and | or">
                <foreach collection="oredCriteria" item="criteria">
                    <if test="criteria.valid">
                        <if test="criteria.andOrOr">
                            and
                        </if>
                        <if test="!criteria.andOrOr">
                            or
                        </if>
                        <trim prefix="(" prefixOverrides="and | or" suffix=")">
                            <foreach collection="criteria.criteria" item="criterion">
                                <choose>
                                    <when test="criterion.noValue">
                                        ${criterion.condition}
                                    </when>
                                    <when test="criterion.singleValue">
                                        ${criterion.condition} #{criterion.value, jdbcType=${criterion.jdbcType}}
                                    </when>
                                    <when test="criterion.betweenValue">
                                        ${criterion.condition} #{criterion.value, jdbcType=${criterion.jdbcType}} and #{criterion.secondValue, jdbcType=${criterion.jdbcType}}
                                    </when>
                                    <when test="criterion.listValue">
                                        ${criterion.condition}
                                        <foreach close=")" collection="criterion.value" item="listItem" open="("
                                                 separator=",">
                                            #{listItem, jdbcType=${criterion.jdbcType}}
                                        </foreach>
                                    </when>
                                </choose>
                            </foreach>
                        </trim>
                    </if>
                </foreach>
            </trim>
        </where></sql>
    <select id="topOne" parameterType="com.bage.mybatis.help.MyBatisWrapper" resultMap="BaseResultMap">
    select
    <if test="selectBuilder != null">
      <trim prefixOverrides="," suffixOverrides=",">
         ${selectBuilder} 
      </trim>
    </if>
    from tenant
    <if test="_parameter != null">
      <include refid="Example_Where_Clause" />
    </if>
    <if test="orderByClause != null">
      order by ${orderByClause}
    </if>
    limit 1
  </select>

  <select id="count" parameterType="com.bage.mybatis.help.MyBatisWrapper" resultType="java.lang.Integer">
        <include refid="countSql"/>
    </select>
    <sql id="countSql">
        select count(*) total_count from tenant
        <if test="_parameter != null">
            <include refid="Example_Where_Clause"/>
        </if>
    </sql>
  <update id="updateField" parameterType="com.bage.mybatis.help.MyBatisWrapper">
    update tenant 
    set 
    <trim prefixOverrides="," suffixOverrides=",">
         ${example.updateSql} 
      </trim>
     <if test="example.updateSql != null">
      <include refid="Update_By_Example_Where_Clause" />
    </if>
  </update>
  <sql id="Update_By_Example_Where_Clause">
   <where>
            <trim prefixOverrides="and | or">
                <foreach collection="example.oredCriteria" item="criteria">
                    <if test="criteria.andOrOr">
                        and
                    </if>
                    <if test="!criteria.andOrOr">
                        or
                    </if>
                    <if test="criteria.valid">
                        <trim prefix="(" prefixOverrides="and" suffix=")">
                            <foreach collection="criteria.criteria" item="criterion">
                                <choose>
                                    <when test="criterion.noValue">
                                        ${criterion.condition}
                                    </when>
                                    <when test="criterion.singleValue">
                                        ${criterion.condition} #{criterion.value, jdbcType=${criterion.jdbcType}}
                                    </when>
                                    <when test="criterion.betweenValue">
                                        ${criterion.condition} #{criterion.value, jdbcType=${criterion.jdbcType}} and #{criterion.secondValue, jdbcType=${criterion.jdbcType}}
                                    </when>
                                    <when test="criterion.listValue">
                                        ${criterion.condition}
                                        <foreach close=")" collection="criterion.value" item="listItem" open="("
                                                 separator=",">
                                            #{listItem, jdbcType=${criterion.jdbcType}}
                                        </foreach>
                                    </when>
                                </choose>
                            </foreach>
                        </trim>
                    </if>
                </foreach>
            </trim>
        </where></sql>
   <update id="updateFieldBatch" parameterType="java.util.List">
           <foreach collection="list" index="index" item="example" separator=";">
               update tenant 
                   set 
               <trim prefixOverrides="," suffixOverrides=",">
                   ${example.updateSql} 
               </trim>
               <if test="example != null">
                   <include refid="Update_By_Example_Where_Clause" />
               </if>           </foreach>
  </update>
    <select id="get" parameterType="com.bage.mybatis.help.MyBatisWrapper" resultMap="BaseResultMap">
    select
    <if test="selectBuilder != null">
      <trim prefixOverrides="," suffixOverrides=",">
         ${selectBuilder} 
      </trim>
    </if>
    from tenant
    <if test="_parameter != null">
      <include refid="Example_Where_Clause" />
    </if>
    <if test="orderByClause != null">
      order by ${orderByClause}
    </if>
  </select>

  <update id="updateBatchSelective" parameterType="java.util.List">
    update tenant
   <trim prefix="set" suffixOverrides=",">
      <trim prefix="id = case" suffix="end,">
        <foreach collection="list" index="index" item="item">
          <if test="item.id != null">
            when id = #{item.id,jdbcType=BIGINT} then #{item.id,jdbcType=BIGINT}
          </if>
        </foreach>
      </trim>
  </trim>
   <trim prefix="set" suffixOverrides=",">
      <trim prefix="name = case" suffix="end,">
        <foreach collection="list" index="index" item="item">
          <if test="item.name != null">
            when id = #{item.id,jdbcType=BIGINT} then #{item.name,jdbcType=VARCHAR}
          </if>
        </foreach>
      </trim>
  </trim>
   <trim prefix="set" suffixOverrides=",">
      <trim prefix="disable = case" suffix="end,">
        <foreach collection="list" index="index" item="item">
          <if test="item.disable != null">
            when id = #{item.id,jdbcType=BIGINT} then #{item.disable,jdbcType=BIT}
          </if>
        </foreach>
      </trim>
  </trim>
   <trim prefix="set" suffixOverrides=",">
      <trim prefix="create_time = case" suffix="end,">
        <foreach collection="list" index="index" item="item">
          <if test="item.createTime != null">
            when id = #{item.id,jdbcType=BIGINT} then #{item.createTime,jdbcType=TIMESTAMP}
          </if>
        </foreach>
      </trim>
  </trim>
   <trim prefix="set" suffixOverrides=",">
      <trim prefix="update_time = case" suffix="end,">
        <foreach collection="list" index="index" item="item">
          <if test="item.updateTime != null">
            when id = #{item.id,jdbcType=BIGINT} then #{item.updateTime,jdbcType=TIMESTAMP}
          </if>
        </foreach>
      </trim>
  </trim>
   <trim prefix="set" suffixOverrides=",">
      <trim prefix="admin_id = case" suffix="end,">
        <foreach collection="list" index="index" item="item">
          <if test="item.adminId != null">
            when id = #{item.id,jdbcType=BIGINT} then #{item.adminId,jdbcType=BIGINT}
          </if>
        </foreach>
      </trim>
  </trim>
   <trim prefix="set" suffixOverrides=",">
      <trim prefix="update_admin_id = case" suffix="end,">
        <foreach collection="list" index="index" item="item">
          <if test="item.updateAdminId != null">
            when id = #{item.id,jdbcType=BIGINT} then #{item.updateAdminId,jdbcType=BIGINT}
          </if>
        </foreach>
      </trim>
  </trim>
   <trim prefix="set" suffixOverrides=",">
      <trim prefix="del_flag = case" suffix="end,">
        <foreach collection="list" index="index" item="item">
          <if test="item.delFlag != null">
            when id = #{item.id,jdbcType=BIGINT} then #{item.delFlag,jdbcType=BIT}
          </if>
        </foreach>
      </trim>
  </trim>
  where id in
    <foreach close=")" collection="list" item="item" open="(" separator=", ">
      #{item.id,jdbcType=BIGINT}
    </foreach>
</update>

  <insert id="insertBatch" keyColumn="id" keyProperty="id" parameterType="java.util.Collection" useGeneratedKeys="true">
    insert into tenant (name, disable, create_time, update_time, admin_id, update_admin_id, del_flag) values
    <foreach collection="list" index="index" item="item" separator=",">
      <trim prefix="(" suffix=")" suffixOverrides=",">
        #{item.name, jdbcType=VARCHAR},
        #{item.disable, jdbcType=BIT},
        #{item.createTime, jdbcType=TIMESTAMP},
        #{item.updateTime, jdbcType=TIMESTAMP},
        #{item.adminId, jdbcType=BIGINT},
        #{item.updateAdminId, jdbcType=BIGINT},
        #{item.delFlag, jdbcType=BIT},
      </trim>
    </foreach>
  </insert>
  <insert id="insertBatchSelective" keyColumn="id" parameterType="java.util.List">
    <foreach collection="list" index="index" item="item" separator=";">
      insert into tenant 
      <trim prefix="(" suffix=")" suffixOverrides=",">
        <if test="item.name != null">
          name,
        </if>
        <if test="item.disable != null">
          disable,
        </if>
        <if test="item.createTime != null">
          create_time,
        </if>
        <if test="item.updateTime != null">
          update_time,
        </if>
        <if test="item.adminId != null">
          admin_id,
        </if>
        <if test="item.updateAdminId != null">
          update_admin_id,
        </if>
        <if test="item.delFlag != null">
          del_flag,
        </if>
      </trim>
       values 
      <trim prefix="(" suffix=")" suffixOverrides=",">
        <if test="item.name != null">
          #{item.name, jdbcType=VARCHAR},
        </if>
        <if test="item.disable != null">
          #{item.disable, jdbcType=BIT},
        </if>
        <if test="item.createTime != null">
          #{item.createTime, jdbcType=TIMESTAMP},
        </if>
        <if test="item.updateTime != null">
          #{item.updateTime, jdbcType=TIMESTAMP},
        </if>
        <if test="item.adminId != null">
          #{item.adminId, jdbcType=BIGINT},
        </if>
        <if test="item.updateAdminId != null">
          #{item.updateAdminId, jdbcType=BIGINT},
        </if>
        <if test="item.delFlag != null">
          #{item.delFlag, jdbcType=BIT},
        </if>
      </trim>
    </foreach>
  </insert>
</mapper>