<?xml version="1.0" encoding="UTF-8"?>
<!DOCTYPE mapper PUBLIC "-//mybatis.org//DTD Mapper 3.0//EN" "http://mybatis.org/dtd/mybatis-3-mapper.dtd">
<mapper namespace="com.bage.finance.biz.mapper.VoucherSubjectDetailMapper">
  <resultMap id="BaseResultMap" type="com.bage.finance.biz.domain.VoucherSubjectDetail">
    <id column="id" jdbcType="BIGINT" property="id" />
    <result column="voucher_id" jdbcType="BIGINT" property="voucherId" />
    <result column="subject_id" jdbcType="BIGINT" property="subjectId" />
    <result column="currency_config_id" jdbcType="BIGINT" property="currencyConfigId" />
    <result column="exchange_rate" jdbcType="DECIMAL" property="exchangeRate" />
    <result column="original_currency" jdbcType="DECIMAL" property="originalCurrency" />
    <result column="subject_num" jdbcType="INTEGER" property="subjectNum" />
    <result column="subject_unit_price" jdbcType="DECIMAL" property="subjectUnitPrice" />
    <result column="enable_foreign_currency_config" jdbcType="BIT" property="enableForeignCurrencyConfig" />
    <result column="enable_number_calculate_config" jdbcType="BIT" property="enableNumberCalculateConfig" />
    <result column="enable_assist_calculate_configs" jdbcType="BIT" property="enableAssistCalculateConfigs" />
    <result column="balance" jdbcType="DECIMAL" property="balance" />
    <result column="debit_amount" jdbcType="DECIMAL" property="debitAmount" />
    <result column="credit_amount" jdbcType="DECIMAL" property="creditAmount" />
    <result column="tenant_id" jdbcType="BIGINT" property="tenantId" />
    <result column="disable" jdbcType="BIT" property="disable" />
    <result column="create_time" jdbcType="TIMESTAMP" property="createTime" />
    <result column="update_time" jdbcType="TIMESTAMP" property="updateTime" />
    <result column="member_id" jdbcType="BIGINT" property="memberId" />
    <result column="update_member_id" jdbcType="BIGINT" property="updateMemberId" />
    <result column="del_flag" jdbcType="BIT" property="delFlag" />
    <result column="summary" jdbcType="VARCHAR" property="summary" />
    <result column="row_no" jdbcType="INTEGER" property="rowNo" />
  </resultMap>
  <sql id="Base_Column_List">
    id, voucher_id, subject_id, currency_config_id, exchange_rate, original_currency, 
    subject_num, subject_unit_price, enable_foreign_currency_config, enable_number_calculate_config, 
    enable_assist_calculate_configs, balance, debit_amount, credit_amount, tenant_id, 
    disable, create_time, update_time, member_id, update_member_id, del_flag, summary, 
    row_no
  </sql>
  <select id="selectByPrimaryKey" parameterType="java.lang.Long" resultMap="BaseResultMap">
    select 
    <include refid="Base_Column_List" />
    from voucher_subject_detail
    where id = #{id,jdbcType=BIGINT}
  </select>
  <delete id="deleteByPrimaryKey" parameterType="java.lang.Long">
    delete from voucher_subject_detail
    where id = #{id,jdbcType=BIGINT}
  </delete>
  <insert id="insert" parameterType="com.bage.finance.biz.domain.VoucherSubjectDetail">
    <selectKey keyProperty="id" order="AFTER" resultType="java.lang.Long">
      SELECT LAST_INSERT_ID()
    </selectKey>
    insert into voucher_subject_detail (voucher_id, subject_id, currency_config_id, 
      exchange_rate, original_currency, subject_num, 
      subject_unit_price, enable_foreign_currency_config, 
      enable_number_calculate_config, enable_assist_calculate_configs, 
      balance, debit_amount, credit_amount, 
      tenant_id, disable, create_time, 
      update_time, member_id, update_member_id, 
      del_flag, summary, row_no
      )
    values (#{voucherId,jdbcType=BIGINT}, #{subjectId,jdbcType=BIGINT}, #{currencyConfigId,jdbcType=BIGINT}, 
      #{exchangeRate,jdbcType=DECIMAL}, #{originalCurrency,jdbcType=DECIMAL}, #{subjectNum,jdbcType=INTEGER}, 
      #{subjectUnitPrice,jdbcType=DECIMAL}, #{enableForeignCurrencyConfig,jdbcType=BIT}, 
      #{enableNumberCalculateConfig,jdbcType=BIT}, #{enableAssistCalculateConfigs,jdbcType=BIT}, 
      #{balance,jdbcType=DECIMAL}, #{debitAmount,jdbcType=DECIMAL}, #{creditAmount,jdbcType=DECIMAL}, 
      #{tenantId,jdbcType=BIGINT}, #{disable,jdbcType=BIT}, #{createTime,jdbcType=TIMESTAMP}, 
      #{updateTime,jdbcType=TIMESTAMP}, #{memberId,jdbcType=BIGINT}, #{updateMemberId,jdbcType=BIGINT}, 
      #{delFlag,jdbcType=BIT}, #{summary,jdbcType=VARCHAR}, #{rowNo,jdbcType=INTEGER}
      )
  </insert>
  <insert id="insertSelective" parameterType="com.bage.finance.biz.domain.VoucherSubjectDetail">
    <selectKey keyProperty="id" order="AFTER" resultType="java.lang.Long">
      SELECT LAST_INSERT_ID()
    </selectKey>
    insert into voucher_subject_detail
    <trim prefix="(" suffix=")" suffixOverrides=",">
      <if test="voucherId != null">
        voucher_id,
      </if>
      <if test="subjectId != null">
        subject_id,
      </if>
      <if test="currencyConfigId != null">
        currency_config_id,
      </if>
      <if test="exchangeRate != null">
        exchange_rate,
      </if>
      <if test="originalCurrency != null">
        original_currency,
      </if>
      <if test="subjectNum != null">
        subject_num,
      </if>
      <if test="subjectUnitPrice != null">
        subject_unit_price,
      </if>
      <if test="enableForeignCurrencyConfig != null">
        enable_foreign_currency_config,
      </if>
      <if test="enableNumberCalculateConfig != null">
        enable_number_calculate_config,
      </if>
      <if test="enableAssistCalculateConfigs != null">
        enable_assist_calculate_configs,
      </if>
      <if test="balance != null">
        balance,
      </if>
      <if test="debitAmount != null">
        debit_amount,
      </if>
      <if test="creditAmount != null">
        credit_amount,
      </if>
      <if test="tenantId != null">
        tenant_id,
      </if>
      <if test="disable != null">
        disable,
      </if>
      <if test="createTime != null">
        create_time,
      </if>
      <if test="updateTime != null">
        update_time,
      </if>
      <if test="memberId != null">
        member_id,
      </if>
      <if test="updateMemberId != null">
        update_member_id,
      </if>
      <if test="delFlag != null">
        del_flag,
      </if>
      <if test="summary != null">
        summary,
      </if>
      <if test="rowNo != null">
        row_no,
      </if>
    </trim>
    <trim prefix="values (" suffix=")" suffixOverrides=",">
      <if test="voucherId != null">
        #{voucherId,jdbcType=BIGINT},
      </if>
      <if test="subjectId != null">
        #{subjectId,jdbcType=BIGINT},
      </if>
      <if test="currencyConfigId != null">
        #{currencyConfigId,jdbcType=BIGINT},
      </if>
      <if test="exchangeRate != null">
        #{exchangeRate,jdbcType=DECIMAL},
      </if>
      <if test="originalCurrency != null">
        #{originalCurrency,jdbcType=DECIMAL},
      </if>
      <if test="subjectNum != null">
        #{subjectNum,jdbcType=INTEGER},
      </if>
      <if test="subjectUnitPrice != null">
        #{subjectUnitPrice,jdbcType=DECIMAL},
      </if>
      <if test="enableForeignCurrencyConfig != null">
        #{enableForeignCurrencyConfig,jdbcType=BIT},
      </if>
      <if test="enableNumberCalculateConfig != null">
        #{enableNumberCalculateConfig,jdbcType=BIT},
      </if>
      <if test="enableAssistCalculateConfigs != null">
        #{enableAssistCalculateConfigs,jdbcType=BIT},
      </if>
      <if test="balance != null">
        #{balance,jdbcType=DECIMAL},
      </if>
      <if test="debitAmount != null">
        #{debitAmount,jdbcType=DECIMAL},
      </if>
      <if test="creditAmount != null">
        #{creditAmount,jdbcType=DECIMAL},
      </if>
      <if test="tenantId != null">
        #{tenantId,jdbcType=BIGINT},
      </if>
      <if test="disable != null">
        #{disable,jdbcType=BIT},
      </if>
      <if test="createTime != null">
        #{createTime,jdbcType=TIMESTAMP},
      </if>
      <if test="updateTime != null">
        #{updateTime,jdbcType=TIMESTAMP},
      </if>
      <if test="memberId != null">
        #{memberId,jdbcType=BIGINT},
      </if>
      <if test="updateMemberId != null">
        #{updateMemberId,jdbcType=BIGINT},
      </if>
      <if test="delFlag != null">
        #{delFlag,jdbcType=BIT},
      </if>
      <if test="summary != null">
        #{summary,jdbcType=VARCHAR},
      </if>
      <if test="rowNo != null">
        #{rowNo,jdbcType=INTEGER},
      </if>
    </trim>
  </insert>
  <update id="updateByPrimaryKeySelective" parameterType="com.bage.finance.biz.domain.VoucherSubjectDetail">
    update voucher_subject_detail
    <set>
      <if test="voucherId != null">
        voucher_id = #{voucherId,jdbcType=BIGINT},
      </if>
      <if test="subjectId != null">
        subject_id = #{subjectId,jdbcType=BIGINT},
      </if>
      <if test="currencyConfigId != null">
        currency_config_id = #{currencyConfigId,jdbcType=BIGINT},
      </if>
      <if test="exchangeRate != null">
        exchange_rate = #{exchangeRate,jdbcType=DECIMAL},
      </if>
      <if test="originalCurrency != null">
        original_currency = #{originalCurrency,jdbcType=DECIMAL},
      </if>
      <if test="subjectNum != null">
        subject_num = #{subjectNum,jdbcType=INTEGER},
      </if>
      <if test="subjectUnitPrice != null">
        subject_unit_price = #{subjectUnitPrice,jdbcType=DECIMAL},
      </if>
      <if test="enableForeignCurrencyConfig != null">
        enable_foreign_currency_config = #{enableForeignCurrencyConfig,jdbcType=BIT},
      </if>
      <if test="enableNumberCalculateConfig != null">
        enable_number_calculate_config = #{enableNumberCalculateConfig,jdbcType=BIT},
      </if>
      <if test="enableAssistCalculateConfigs != null">
        enable_assist_calculate_configs = #{enableAssistCalculateConfigs,jdbcType=BIT},
      </if>
      <if test="balance != null">
        balance = #{balance,jdbcType=DECIMAL},
      </if>
      <if test="debitAmount != null">
        debit_amount = #{debitAmount,jdbcType=DECIMAL},
      </if>
      <if test="creditAmount != null">
        credit_amount = #{creditAmount,jdbcType=DECIMAL},
      </if>
      <if test="tenantId != null">
        tenant_id = #{tenantId,jdbcType=BIGINT},
      </if>
      <if test="disable != null">
        disable = #{disable,jdbcType=BIT},
      </if>
      <if test="createTime != null">
        create_time = #{createTime,jdbcType=TIMESTAMP},
      </if>
      <if test="updateTime != null">
        update_time = #{updateTime,jdbcType=TIMESTAMP},
      </if>
      <if test="memberId != null">
        member_id = #{memberId,jdbcType=BIGINT},
      </if>
      <if test="updateMemberId != null">
        update_member_id = #{updateMemberId,jdbcType=BIGINT},
      </if>
      <if test="delFlag != null">
        del_flag = #{delFlag,jdbcType=BIT},
      </if>
      <if test="summary != null">
        summary = #{summary,jdbcType=VARCHAR},
      </if>
      <if test="rowNo != null">
        row_no = #{rowNo,jdbcType=INTEGER},
      </if>
    </set>
    where id = #{id,jdbcType=BIGINT}
  </update>
  <update id="updateByPrimaryKey" parameterType="com.bage.finance.biz.domain.VoucherSubjectDetail">
    update voucher_subject_detail
    set voucher_id = #{voucherId,jdbcType=BIGINT},
      subject_id = #{subjectId,jdbcType=BIGINT},
      currency_config_id = #{currencyConfigId,jdbcType=BIGINT},
      exchange_rate = #{exchangeRate,jdbcType=DECIMAL},
      original_currency = #{originalCurrency,jdbcType=DECIMAL},
      subject_num = #{subjectNum,jdbcType=INTEGER},
      subject_unit_price = #{subjectUnitPrice,jdbcType=DECIMAL},
      enable_foreign_currency_config = #{enableForeignCurrencyConfig,jdbcType=BIT},
      enable_number_calculate_config = #{enableNumberCalculateConfig,jdbcType=BIT},
      enable_assist_calculate_configs = #{enableAssistCalculateConfigs,jdbcType=BIT},
      balance = #{balance,jdbcType=DECIMAL},
      debit_amount = #{debitAmount,jdbcType=DECIMAL},
      credit_amount = #{creditAmount,jdbcType=DECIMAL},
      tenant_id = #{tenantId,jdbcType=BIGINT},
      disable = #{disable,jdbcType=BIT},
      create_time = #{createTime,jdbcType=TIMESTAMP},
      update_time = #{updateTime,jdbcType=TIMESTAMP},
      member_id = #{memberId,jdbcType=BIGINT},
      update_member_id = #{updateMemberId,jdbcType=BIGINT},
      del_flag = #{delFlag,jdbcType=BIT},
      summary = #{summary,jdbcType=VARCHAR},
      row_no = #{rowNo,jdbcType=INTEGER}
    where id = #{id,jdbcType=BIGINT}
  </update>
  <select id="list" parameterType="com.bage.mybatis.help.MyBatisWrapper" resultMap="BaseResultMap">
        <include refid="listSql"/>
    </select>
    <sql id="listSql">
        select
        <if test="selectBuilder == null">
            *
        </if>
        <if test="selectBuilder != null">
            <trim prefixOverrides="," suffixOverrides=",">
                ${selectBuilder}
            </trim>
        </if>
        from voucher_subject_detail
        <if test="_parameter != null">
            <include refid="Example_Where_Clause"/>
        </if>
        <if test="groupBySql != null">
            group by ${groupBySql}
        </if>
        <if test="orderByClause != null">
            order by ${orderByClause}
        </if>
        <if test="rows != null">
            <if test="offset != null">
                limit ${offset}, ${rows}
            </if>
            <if test="offset == null">
                limit ${rows}
            </if>
        </if>
    </sql>
  <sql id="Example_Where_Clause">
   <where>
            <trim prefixOverrides="and | or">
                <foreach collection="oredCriteria" item="criteria">
                    <if test="criteria.valid">
                        <if test="criteria.andOrOr">
                            and
                        </if>
                        <if test="!criteria.andOrOr">
                            or
                        </if>
                        <trim prefix="(" prefixOverrides="and | or" suffix=")">
                            <foreach collection="criteria.criteria" item="criterion">
                                <choose>
                                    <when test="criterion.noValue">
                                        ${criterion.condition}
                                    </when>
                                    <when test="criterion.singleValue">
                                        ${criterion.condition} #{criterion.value, jdbcType=${criterion.jdbcType}}
                                    </when>
                                    <when test="criterion.betweenValue">
                                        ${criterion.condition} #{criterion.value, jdbcType=${criterion.jdbcType}} and #{criterion.secondValue, jdbcType=${criterion.jdbcType}}
                                    </when>
                                    <when test="criterion.listValue">
                                        ${criterion.condition}
                                        <foreach close=")" collection="criterion.value" item="listItem" open="("
                                                 separator=",">
                                            #{listItem, jdbcType=${criterion.jdbcType}}
                                        </foreach>
                                    </when>
                                </choose>
                            </foreach>
                        </trim>
                    </if>
                </foreach>
            </trim>
        </where></sql>
    <select id="topOne" parameterType="com.bage.mybatis.help.MyBatisWrapper" resultMap="BaseResultMap">
    select
    <if test="selectBuilder != null">
      <trim prefixOverrides="," suffixOverrides=",">
         ${selectBuilder} 
      </trim>
    </if>
    from voucher_subject_detail
    <if test="_parameter != null">
      <include refid="Example_Where_Clause" />
    </if>
    <if test="orderByClause != null">
      order by ${orderByClause}
    </if>
    limit 1
  </select>

  <select id="count" parameterType="com.bage.mybatis.help.MyBatisWrapper" resultType="java.lang.Integer">
        <include refid="countSql"/>
    </select>
    <sql id="countSql">
        select count(*) total_count from voucher_subject_detail
        <if test="_parameter != null">
            <include refid="Example_Where_Clause"/>
        </if>
    </sql>
  <update id="updateField" parameterType="com.bage.mybatis.help.MyBatisWrapper">
    update voucher_subject_detail 
    set 
    <trim prefixOverrides="," suffixOverrides=",">
         ${example.updateSql} 
      </trim>
     <if test="example.updateSql != null">
      <include refid="Update_By_Example_Where_Clause" />
    </if>
  </update>
  <sql id="Update_By_Example_Where_Clause">
   <where>
            <trim prefixOverrides="and | or">
                <foreach collection="example.oredCriteria" item="criteria">
                    <if test="criteria.andOrOr">
                        and
                    </if>
                    <if test="!criteria.andOrOr">
                        or
                    </if>
                    <if test="criteria.valid">
                        <trim prefix="(" prefixOverrides="and" suffix=")">
                            <foreach collection="criteria.criteria" item="criterion">
                                <choose>
                                    <when test="criterion.noValue">
                                        ${criterion.condition}
                                    </when>
                                    <when test="criterion.singleValue">
                                        ${criterion.condition} #{criterion.value, jdbcType=${criterion.jdbcType}}
                                    </when>
                                    <when test="criterion.betweenValue">
                                        ${criterion.condition} #{criterion.value, jdbcType=${criterion.jdbcType}} and #{criterion.secondValue, jdbcType=${criterion.jdbcType}}
                                    </when>
                                    <when test="criterion.listValue">
                                        ${criterion.condition}
                                        <foreach close=")" collection="criterion.value" item="listItem" open="("
                                                 separator=",">
                                            #{listItem, jdbcType=${criterion.jdbcType}}
                                        </foreach>
                                    </when>
                                </choose>
                            </foreach>
                        </trim>
                    </if>
                </foreach>
            </trim>
        </where></sql>
   <update id="updateFieldBatch" parameterType="java.util.List">
           <foreach collection="list" index="index" item="example" separator=";">
               update voucher_subject_detail 
                   set 
               <trim prefixOverrides="," suffixOverrides=",">
                   ${example.updateSql} 
               </trim>
               <if test="example != null">
                   <include refid="Update_By_Example_Where_Clause" />
               </if>           </foreach>
  </update>
    <select id="get" parameterType="com.bage.mybatis.help.MyBatisWrapper" resultMap="BaseResultMap">
    select
    <if test="selectBuilder != null">
      <trim prefixOverrides="," suffixOverrides=",">
         ${selectBuilder} 
      </trim>
    </if>
    from voucher_subject_detail
    <if test="_parameter != null">
      <include refid="Example_Where_Clause" />
    </if>
    <if test="orderByClause != null">
      order by ${orderByClause}
    </if>
  </select>

  <update id="updateBatchSelective" parameterType="java.util.List">
    update voucher_subject_detail
   <trim prefix="set" suffixOverrides=",">
      <trim prefix="id = case" suffix="end,">
        <foreach collection="list" index="index" item="item">
          <if test="item.id != null">
            when id = #{item.id,jdbcType=BIGINT} then #{item.id,jdbcType=BIGINT}
          </if>
        </foreach>
      </trim>
  </trim>
   <trim prefix="set" suffixOverrides=",">
      <trim prefix="voucher_id = case" suffix="end,">
        <foreach collection="list" index="index" item="item">
          <if test="item.voucherId != null">
            when id = #{item.id,jdbcType=BIGINT} then #{item.voucherId,jdbcType=BIGINT}
          </if>
        </foreach>
      </trim>
  </trim>
   <trim prefix="set" suffixOverrides=",">
      <trim prefix="subject_id = case" suffix="end,">
        <foreach collection="list" index="index" item="item">
          <if test="item.subjectId != null">
            when id = #{item.id,jdbcType=BIGINT} then #{item.subjectId,jdbcType=BIGINT}
          </if>
        </foreach>
      </trim>
  </trim>
   <trim prefix="set" suffixOverrides=",">
      <trim prefix="currency_config_id = case" suffix="end,">
        <foreach collection="list" index="index" item="item">
          <if test="item.currencyConfigId != null">
            when id = #{item.id,jdbcType=BIGINT} then #{item.currencyConfigId,jdbcType=BIGINT}
          </if>
        </foreach>
      </trim>
  </trim>
   <trim prefix="set" suffixOverrides=",">
      <trim prefix="exchange_rate = case" suffix="end,">
        <foreach collection="list" index="index" item="item">
          <if test="item.exchangeRate != null">
            when id = #{item.id,jdbcType=BIGINT} then #{item.exchangeRate,jdbcType=DECIMAL}
          </if>
        </foreach>
      </trim>
  </trim>
   <trim prefix="set" suffixOverrides=",">
      <trim prefix="original_currency = case" suffix="end,">
        <foreach collection="list" index="index" item="item">
          <if test="item.originalCurrency != null">
            when id = #{item.id,jdbcType=BIGINT} then #{item.originalCurrency,jdbcType=DECIMAL}
          </if>
        </foreach>
      </trim>
  </trim>
   <trim prefix="set" suffixOverrides=",">
      <trim prefix="subject_num = case" suffix="end,">
        <foreach collection="list" index="index" item="item">
          <if test="item.subjectNum != null">
            when id = #{item.id,jdbcType=BIGINT} then #{item.subjectNum,jdbcType=INTEGER}
          </if>
        </foreach>
      </trim>
  </trim>
   <trim prefix="set" suffixOverrides=",">
      <trim prefix="subject_unit_price = case" suffix="end,">
        <foreach collection="list" index="index" item="item">
          <if test="item.subjectUnitPrice != null">
            when id = #{item.id,jdbcType=BIGINT} then #{item.subjectUnitPrice,jdbcType=DECIMAL}
          </if>
        </foreach>
      </trim>
  </trim>
   <trim prefix="set" suffixOverrides=",">
      <trim prefix="enable_foreign_currency_config = case" suffix="end,">
        <foreach collection="list" index="index" item="item">
          <if test="item.enableForeignCurrencyConfig != null">
            when id = #{item.id,jdbcType=BIGINT} then #{item.enableForeignCurrencyConfig,jdbcType=BIT}
          </if>
        </foreach>
      </trim>
  </trim>
   <trim prefix="set" suffixOverrides=",">
      <trim prefix="enable_number_calculate_config = case" suffix="end,">
        <foreach collection="list" index="index" item="item">
          <if test="item.enableNumberCalculateConfig != null">
            when id = #{item.id,jdbcType=BIGINT} then #{item.enableNumberCalculateConfig,jdbcType=BIT}
          </if>
        </foreach>
      </trim>
  </trim>
   <trim prefix="set" suffixOverrides=",">
      <trim prefix="enable_assist_calculate_configs = case" suffix="end,">
        <foreach collection="list" index="index" item="item">
          <if test="item.enableAssistCalculateConfigs != null">
            when id = #{item.id,jdbcType=BIGINT} then #{item.enableAssistCalculateConfigs,jdbcType=BIT}
          </if>
        </foreach>
      </trim>
  </trim>
   <trim prefix="set" suffixOverrides=",">
      <trim prefix="balance = case" suffix="end,">
        <foreach collection="list" index="index" item="item">
          <if test="item.balance != null">
            when id = #{item.id,jdbcType=BIGINT} then #{item.balance,jdbcType=DECIMAL}
          </if>
        </foreach>
      </trim>
  </trim>
   <trim prefix="set" suffixOverrides=",">
      <trim prefix="debit_amount = case" suffix="end,">
        <foreach collection="list" index="index" item="item">
          <if test="item.debitAmount != null">
            when id = #{item.id,jdbcType=BIGINT} then #{item.debitAmount,jdbcType=DECIMAL}
          </if>
        </foreach>
      </trim>
  </trim>
   <trim prefix="set" suffixOverrides=",">
      <trim prefix="credit_amount = case" suffix="end,">
        <foreach collection="list" index="index" item="item">
          <if test="item.creditAmount != null">
            when id = #{item.id,jdbcType=BIGINT} then #{item.creditAmount,jdbcType=DECIMAL}
          </if>
        </foreach>
      </trim>
  </trim>
   <trim prefix="set" suffixOverrides=",">
      <trim prefix="tenant_id = case" suffix="end,">
        <foreach collection="list" index="index" item="item">
          <if test="item.tenantId != null">
            when id = #{item.id,jdbcType=BIGINT} then #{item.tenantId,jdbcType=BIGINT}
          </if>
        </foreach>
      </trim>
  </trim>
   <trim prefix="set" suffixOverrides=",">
      <trim prefix="disable = case" suffix="end,">
        <foreach collection="list" index="index" item="item">
          <if test="item.disable != null">
            when id = #{item.id,jdbcType=BIGINT} then #{item.disable,jdbcType=BIT}
          </if>
        </foreach>
      </trim>
  </trim>
   <trim prefix="set" suffixOverrides=",">
      <trim prefix="create_time = case" suffix="end,">
        <foreach collection="list" index="index" item="item">
          <if test="item.createTime != null">
            when id = #{item.id,jdbcType=BIGINT} then #{item.createTime,jdbcType=TIMESTAMP}
          </if>
        </foreach>
      </trim>
  </trim>
   <trim prefix="set" suffixOverrides=",">
      <trim prefix="update_time = case" suffix="end,">
        <foreach collection="list" index="index" item="item">
          <if test="item.updateTime != null">
            when id = #{item.id,jdbcType=BIGINT} then #{item.updateTime,jdbcType=TIMESTAMP}
          </if>
        </foreach>
      </trim>
  </trim>
   <trim prefix="set" suffixOverrides=",">
      <trim prefix="member_id = case" suffix="end,">
        <foreach collection="list" index="index" item="item">
          <if test="item.memberId != null">
            when id = #{item.id,jdbcType=BIGINT} then #{item.memberId,jdbcType=BIGINT}
          </if>
        </foreach>
      </trim>
  </trim>
   <trim prefix="set" suffixOverrides=",">
      <trim prefix="update_member_id = case" suffix="end,">
        <foreach collection="list" index="index" item="item">
          <if test="item.updateMemberId != null">
            when id = #{item.id,jdbcType=BIGINT} then #{item.updateMemberId,jdbcType=BIGINT}
          </if>
        </foreach>
      </trim>
  </trim>
   <trim prefix="set" suffixOverrides=",">
      <trim prefix="del_flag = case" suffix="end,">
        <foreach collection="list" index="index" item="item">
          <if test="item.delFlag != null">
            when id = #{item.id,jdbcType=BIGINT} then #{item.delFlag,jdbcType=BIT}
          </if>
        </foreach>
      </trim>
  </trim>
   <trim prefix="set" suffixOverrides=",">
      <trim prefix="summary = case" suffix="end,">
        <foreach collection="list" index="index" item="item">
          <if test="item.summary != null">
            when id = #{item.id,jdbcType=BIGINT} then #{item.summary,jdbcType=VARCHAR}
          </if>
        </foreach>
      </trim>
  </trim>
   <trim prefix="set" suffixOverrides=",">
      <trim prefix="row_no = case" suffix="end,">
        <foreach collection="list" index="index" item="item">
          <if test="item.rowNo != null">
            when id = #{item.id,jdbcType=BIGINT} then #{item.rowNo,jdbcType=INTEGER}
          </if>
        </foreach>
      </trim>
  </trim>
  where id in
    <foreach close=")" collection="list" item="item" open="(" separator=", ">
      #{item.id,jdbcType=BIGINT}
    </foreach>
</update>

  <insert id="insertBatch" keyColumn="id" keyProperty="id" parameterType="java.util.Collection" useGeneratedKeys="true">
    insert into voucher_subject_detail (voucher_id, subject_id, currency_config_id, exchange_rate, original_currency, subject_num, subject_unit_price, enable_foreign_currency_config, enable_number_calculate_config, enable_assist_calculate_configs, balance, debit_amount, credit_amount, tenant_id, disable, create_time, update_time, member_id, update_member_id, del_flag, summary, row_no) values
    <foreach collection="list" index="index" item="item" separator=",">
      <trim prefix="(" suffix=")" suffixOverrides=",">
        #{item.voucherId, jdbcType=BIGINT},
        #{item.subjectId, jdbcType=BIGINT},
        #{item.currencyConfigId, jdbcType=BIGINT},
        #{item.exchangeRate, jdbcType=DECIMAL},
        #{item.originalCurrency, jdbcType=DECIMAL},
        #{item.subjectNum, jdbcType=INTEGER},
        #{item.subjectUnitPrice, jdbcType=DECIMAL},
        #{item.enableForeignCurrencyConfig, jdbcType=BIT},
        #{item.enableNumberCalculateConfig, jdbcType=BIT},
        #{item.enableAssistCalculateConfigs, jdbcType=BIT},
        #{item.balance, jdbcType=DECIMAL},
        #{item.debitAmount, jdbcType=DECIMAL},
        #{item.creditAmount, jdbcType=DECIMAL},
        #{item.tenantId, jdbcType=BIGINT},
        #{item.disable, jdbcType=BIT},
        #{item.createTime, jdbcType=TIMESTAMP},
        #{item.updateTime, jdbcType=TIMESTAMP},
        #{item.memberId, jdbcType=BIGINT},
        #{item.updateMemberId, jdbcType=BIGINT},
        #{item.delFlag, jdbcType=BIT},
        #{item.summary, jdbcType=VARCHAR},
        #{item.rowNo, jdbcType=INTEGER},
      </trim>
    </foreach>
  </insert>
  <insert id="insertBatchSelective" keyColumn="id" parameterType="java.util.List">
    <foreach collection="list" index="index" item="item" separator=";">
      insert into voucher_subject_detail 
      <trim prefix="(" suffix=")" suffixOverrides=",">
        <if test="item.voucherId != null">
          voucher_id,
        </if>
        <if test="item.subjectId != null">
          subject_id,
        </if>
        <if test="item.currencyConfigId != null">
          currency_config_id,
        </if>
        <if test="item.exchangeRate != null">
          exchange_rate,
        </if>
        <if test="item.originalCurrency != null">
          original_currency,
        </if>
        <if test="item.subjectNum != null">
          subject_num,
        </if>
        <if test="item.subjectUnitPrice != null">
          subject_unit_price,
        </if>
        <if test="item.enableForeignCurrencyConfig != null">
          enable_foreign_currency_config,
        </if>
        <if test="item.enableNumberCalculateConfig != null">
          enable_number_calculate_config,
        </if>
        <if test="item.enableAssistCalculateConfigs != null">
          enable_assist_calculate_configs,
        </if>
        <if test="item.balance != null">
          balance,
        </if>
        <if test="item.debitAmount != null">
          debit_amount,
        </if>
        <if test="item.creditAmount != null">
          credit_amount,
        </if>
        <if test="item.tenantId != null">
          tenant_id,
        </if>
        <if test="item.disable != null">
          disable,
        </if>
        <if test="item.createTime != null">
          create_time,
        </if>
        <if test="item.updateTime != null">
          update_time,
        </if>
        <if test="item.memberId != null">
          member_id,
        </if>
        <if test="item.updateMemberId != null">
          update_member_id,
        </if>
        <if test="item.delFlag != null">
          del_flag,
        </if>
        <if test="item.summary != null">
          summary,
        </if>
        <if test="item.rowNo != null">
          row_no,
        </if>
      </trim>
       values 
      <trim prefix="(" suffix=")" suffixOverrides=",">
        <if test="item.voucherId != null">
          #{item.voucherId, jdbcType=BIGINT},
        </if>
        <if test="item.subjectId != null">
          #{item.subjectId, jdbcType=BIGINT},
        </if>
        <if test="item.currencyConfigId != null">
          #{item.currencyConfigId, jdbcType=BIGINT},
        </if>
        <if test="item.exchangeRate != null">
          #{item.exchangeRate, jdbcType=DECIMAL},
        </if>
        <if test="item.originalCurrency != null">
          #{item.originalCurrency, jdbcType=DECIMAL},
        </if>
        <if test="item.subjectNum != null">
          #{item.subjectNum, jdbcType=INTEGER},
        </if>
        <if test="item.subjectUnitPrice != null">
          #{item.subjectUnitPrice, jdbcType=DECIMAL},
        </if>
        <if test="item.enableForeignCurrencyConfig != null">
          #{item.enableForeignCurrencyConfig, jdbcType=BIT},
        </if>
        <if test="item.enableNumberCalculateConfig != null">
          #{item.enableNumberCalculateConfig, jdbcType=BIT},
        </if>
        <if test="item.enableAssistCalculateConfigs != null">
          #{item.enableAssistCalculateConfigs, jdbcType=BIT},
        </if>
        <if test="item.balance != null">
          #{item.balance, jdbcType=DECIMAL},
        </if>
        <if test="item.debitAmount != null">
          #{item.debitAmount, jdbcType=DECIMAL},
        </if>
        <if test="item.creditAmount != null">
          #{item.creditAmount, jdbcType=DECIMAL},
        </if>
        <if test="item.tenantId != null">
          #{item.tenantId, jdbcType=BIGINT},
        </if>
        <if test="item.disable != null">
          #{item.disable, jdbcType=BIT},
        </if>
        <if test="item.createTime != null">
          #{item.createTime, jdbcType=TIMESTAMP},
        </if>
        <if test="item.updateTime != null">
          #{item.updateTime, jdbcType=TIMESTAMP},
        </if>
        <if test="item.memberId != null">
          #{item.memberId, jdbcType=BIGINT},
        </if>
        <if test="item.updateMemberId != null">
          #{item.updateMemberId, jdbcType=BIGINT},
        </if>
        <if test="item.delFlag != null">
          #{item.delFlag, jdbcType=BIT},
        </if>
        <if test="item.summary != null">
          #{item.summary, jdbcType=VARCHAR},
        </if>
        <if test="item.rowNo != null">
          #{item.rowNo, jdbcType=INTEGER},
        </if>
      </trim>
    </foreach>
  </insert>
</mapper>