<?xml version="1.0" encoding="UTF-8"?>
<!DOCTYPE mapper PUBLIC "-//mybatis.org//DTD Mapper 3.0//EN" "http://mybatis.org/dtd/mybatis-3-mapper.dtd">
<mapper namespace="com.bage.finance.biz.mapper.VoucherMapper">
  <resultMap id="BaseResultMap" type="com.bage.finance.biz.domain.Voucher">
    <id column="id" jdbcType="BIGINT" property="id" />
    <result column="voucher_word_config_id" jdbcType="BIGINT" property="voucherWordConfigId" />
    <result column="voucher_number" jdbcType="INTEGER" property="voucherNumber" />
    <result column="voucher_date" jdbcType="TIMESTAMP" property="voucherDate" />
    <result column="document_num" jdbcType="INTEGER" property="documentNum" />
    <result column="total_amount" jdbcType="DECIMAL" property="totalAmount" />
    <result column="notes" jdbcType="VARCHAR" property="notes" />
    <result column="tenant_id" jdbcType="BIGINT" property="tenantId" />
    <result column="disable" jdbcType="BIT" property="disable" />
    <result column="create_time" jdbcType="TIMESTAMP" property="createTime" />
    <result column="update_time" jdbcType="TIMESTAMP" property="updateTime" />
    <result column="member_id" jdbcType="BIGINT" property="memberId" />
    <result column="update_member_id" jdbcType="BIGINT" property="updateMemberId" />
    <result column="del_flag" jdbcType="BIT" property="delFlag" />
    <result column="version" jdbcType="INTEGER" property="version" />
  </resultMap>
  <sql id="Base_Column_List">
    id, voucher_word_config_id, voucher_number, voucher_date, document_num, total_amount, 
    notes, tenant_id, disable, create_time, update_time, member_id, update_member_id, 
    del_flag, version
  </sql>
  <select id="selectByPrimaryKey" parameterType="java.lang.Long" resultMap="BaseResultMap">
    select 
    <include refid="Base_Column_List" />
    from voucher
    where id = #{id,jdbcType=BIGINT}
  </select>
  <delete id="deleteByPrimaryKey" parameterType="java.lang.Long">
    delete from voucher
    where id = #{id,jdbcType=BIGINT}
  </delete>
  <insert id="insert" parameterType="com.bage.finance.biz.domain.Voucher">
    <selectKey keyProperty="id" order="AFTER" resultType="java.lang.Long">
      SELECT LAST_INSERT_ID()
    </selectKey>
    insert into voucher (voucher_word_config_id, voucher_number, 
      voucher_date, document_num, total_amount, 
      notes, tenant_id, disable, 
      create_time, update_time, member_id, 
      update_member_id, del_flag, version
      )
    values (#{voucherWordConfigId,jdbcType=BIGINT}, #{voucherNumber,jdbcType=INTEGER}, 
      #{voucherDate,jdbcType=TIMESTAMP}, #{documentNum,jdbcType=INTEGER}, #{totalAmount,jdbcType=DECIMAL}, 
      #{notes,jdbcType=VARCHAR}, #{tenantId,jdbcType=BIGINT}, #{disable,jdbcType=BIT}, 
      #{createTime,jdbcType=TIMESTAMP}, #{updateTime,jdbcType=TIMESTAMP}, #{memberId,jdbcType=BIGINT}, 
      #{updateMemberId,jdbcType=BIGINT}, #{delFlag,jdbcType=BIT}, #{version,jdbcType=INTEGER}
      )
  </insert>
  <insert id="insertSelective" parameterType="com.bage.finance.biz.domain.Voucher">
    <selectKey keyProperty="id" order="AFTER" resultType="java.lang.Long">
      SELECT LAST_INSERT_ID()
    </selectKey>
    insert into voucher
    <trim prefix="(" suffix=")" suffixOverrides=",">
      <if test="voucherWordConfigId != null">
        voucher_word_config_id,
      </if>
      <if test="voucherNumber != null">
        voucher_number,
      </if>
      <if test="voucherDate != null">
        voucher_date,
      </if>
      <if test="documentNum != null">
        document_num,
      </if>
      <if test="totalAmount != null">
        total_amount,
      </if>
      <if test="notes != null">
        notes,
      </if>
      <if test="tenantId != null">
        tenant_id,
      </if>
      <if test="disable != null">
        disable,
      </if>
      <if test="createTime != null">
        create_time,
      </if>
      <if test="updateTime != null">
        update_time,
      </if>
      <if test="memberId != null">
        member_id,
      </if>
      <if test="updateMemberId != null">
        update_member_id,
      </if>
      <if test="delFlag != null">
        del_flag,
      </if>
      <if test="version != null">
        version,
      </if>
    </trim>
    <trim prefix="values (" suffix=")" suffixOverrides=",">
      <if test="voucherWordConfigId != null">
        #{voucherWordConfigId,jdbcType=BIGINT},
      </if>
      <if test="voucherNumber != null">
        #{voucherNumber,jdbcType=INTEGER},
      </if>
      <if test="voucherDate != null">
        #{voucherDate,jdbcType=TIMESTAMP},
      </if>
      <if test="documentNum != null">
        #{documentNum,jdbcType=INTEGER},
      </if>
      <if test="totalAmount != null">
        #{totalAmount,jdbcType=DECIMAL},
      </if>
      <if test="notes != null">
        #{notes,jdbcType=VARCHAR},
      </if>
      <if test="tenantId != null">
        #{tenantId,jdbcType=BIGINT},
      </if>
      <if test="disable != null">
        #{disable,jdbcType=BIT},
      </if>
      <if test="createTime != null">
        #{createTime,jdbcType=TIMESTAMP},
      </if>
      <if test="updateTime != null">
        #{updateTime,jdbcType=TIMESTAMP},
      </if>
      <if test="memberId != null">
        #{memberId,jdbcType=BIGINT},
      </if>
      <if test="updateMemberId != null">
        #{updateMemberId,jdbcType=BIGINT},
      </if>
      <if test="delFlag != null">
        #{delFlag,jdbcType=BIT},
      </if>
      <if test="version != null">
        #{version,jdbcType=INTEGER},
      </if>
    </trim>
  </insert>
  <update id="updateByPrimaryKeySelective" parameterType="com.bage.finance.biz.domain.Voucher">
    update voucher
    <set>
      <if test="voucherWordConfigId != null">
        voucher_word_config_id = #{voucherWordConfigId,jdbcType=BIGINT},
      </if>
      <if test="voucherNumber != null">
        voucher_number = #{voucherNumber,jdbcType=INTEGER},
      </if>
      <if test="voucherDate != null">
        voucher_date = #{voucherDate,jdbcType=TIMESTAMP},
      </if>
      <if test="documentNum != null">
        document_num = #{documentNum,jdbcType=INTEGER},
      </if>
      <if test="totalAmount != null">
        total_amount = #{totalAmount,jdbcType=DECIMAL},
      </if>
      <if test="notes != null">
        notes = #{notes,jdbcType=VARCHAR},
      </if>
      <if test="tenantId != null">
        tenant_id = #{tenantId,jdbcType=BIGINT},
      </if>
      <if test="disable != null">
        disable = #{disable,jdbcType=BIT},
      </if>
      <if test="createTime != null">
        create_time = #{createTime,jdbcType=TIMESTAMP},
      </if>
      <if test="updateTime != null">
        update_time = #{updateTime,jdbcType=TIMESTAMP},
      </if>
      <if test="memberId != null">
        member_id = #{memberId,jdbcType=BIGINT},
      </if>
      <if test="updateMemberId != null">
        update_member_id = #{updateMemberId,jdbcType=BIGINT},
      </if>
      <if test="delFlag != null">
        del_flag = #{delFlag,jdbcType=BIT},
      </if>
      <if test="version != null">
        version = #{version,jdbcType=INTEGER},
      </if>
    </set>
    where id = #{id,jdbcType=BIGINT}
  </update>
  <update id="updateByPrimaryKey" parameterType="com.bage.finance.biz.domain.Voucher">
    update voucher
    set voucher_word_config_id = #{voucherWordConfigId,jdbcType=BIGINT},
      voucher_number = #{voucherNumber,jdbcType=INTEGER},
      voucher_date = #{voucherDate,jdbcType=TIMESTAMP},
      document_num = #{documentNum,jdbcType=INTEGER},
      total_amount = #{totalAmount,jdbcType=DECIMAL},
      notes = #{notes,jdbcType=VARCHAR},
      tenant_id = #{tenantId,jdbcType=BIGINT},
      disable = #{disable,jdbcType=BIT},
      create_time = #{createTime,jdbcType=TIMESTAMP},
      update_time = #{updateTime,jdbcType=TIMESTAMP},
      member_id = #{memberId,jdbcType=BIGINT},
      update_member_id = #{updateMemberId,jdbcType=BIGINT},
      del_flag = #{delFlag,jdbcType=BIT},
      version = #{version,jdbcType=INTEGER}
    where id = #{id,jdbcType=BIGINT}
  </update>
  <select id="list" parameterType="com.bage.mybatis.help.MyBatisWrapper" resultMap="BaseResultMap">
        <include refid="listSql"/>
    </select>
    <sql id="listSql">
        select
        <if test="selectBuilder == null">
            *
        </if>
        <if test="selectBuilder != null">
            <trim prefixOverrides="," suffixOverrides=",">
                ${selectBuilder}
            </trim>
        </if>
        from voucher
        <if test="_parameter != null">
            <include refid="Example_Where_Clause"/>
        </if>
        <if test="groupBySql != null">
            group by ${groupBySql}
        </if>
        <if test="orderByClause != null">
            order by ${orderByClause}
        </if>
        <if test="rows != null">
            <if test="offset != null">
                limit ${offset}, ${rows}
            </if>
            <if test="offset == null">
                limit ${rows}
            </if>
        </if>
    </sql>
  <sql id="Example_Where_Clause">
   <where>
            <trim prefixOverrides="and | or">
                <foreach collection="oredCriteria" item="criteria">
                    <if test="criteria.valid">
                        <if test="criteria.andOrOr">
                            and
                        </if>
                        <if test="!criteria.andOrOr">
                            or
                        </if>
                        <trim prefix="(" prefixOverrides="and | or" suffix=")">
                            <foreach collection="criteria.criteria" item="criterion">
                                <choose>
                                    <when test="criterion.noValue">
                                        ${criterion.condition}
                                    </when>
                                    <when test="criterion.singleValue">
                                        ${criterion.condition} #{criterion.value, jdbcType=${criterion.jdbcType}}
                                    </when>
                                    <when test="criterion.betweenValue">
                                        ${criterion.condition} #{criterion.value, jdbcType=${criterion.jdbcType}} and #{criterion.secondValue, jdbcType=${criterion.jdbcType}}
                                    </when>
                                    <when test="criterion.listValue">
                                        ${criterion.condition}
                                        <foreach close=")" collection="criterion.value" item="listItem" open="("
                                                 separator=",">
                                            #{listItem, jdbcType=${criterion.jdbcType}}
                                        </foreach>
                                    </when>
                                </choose>
                            </foreach>
                        </trim>
                    </if>
                </foreach>
            </trim>
        </where></sql>
    <select id="topOne" parameterType="com.bage.mybatis.help.MyBatisWrapper" resultMap="BaseResultMap">
    select
    <if test="selectBuilder != null">
      <trim prefixOverrides="," suffixOverrides=",">
         ${selectBuilder} 
      </trim>
    </if>
    from voucher
    <if test="_parameter != null">
      <include refid="Example_Where_Clause" />
    </if>
    <if test="orderByClause != null">
      order by ${orderByClause}
    </if>
    limit 1
  </select>

  <select id="count" parameterType="com.bage.mybatis.help.MyBatisWrapper" resultType="java.lang.Integer">
        <include refid="countSql"/>
    </select>
    <sql id="countSql">
        select count(*) total_count from voucher
        <if test="_parameter != null">
            <include refid="Example_Where_Clause"/>
        </if>
    </sql>
  <update id="updateField" parameterType="com.bage.mybatis.help.MyBatisWrapper">
    update voucher 
    set 
    <trim prefixOverrides="," suffixOverrides=",">
         ${example.updateSql} 
      </trim>
     <if test="example.updateSql != null">
      <include refid="Update_By_Example_Where_Clause" />
    </if>
  </update>
  <sql id="Update_By_Example_Where_Clause">
   <where>
            <trim prefixOverrides="and | or">
                <foreach collection="example.oredCriteria" item="criteria">
                    <if test="criteria.andOrOr">
                        and
                    </if>
                    <if test="!criteria.andOrOr">
                        or
                    </if>
                    <if test="criteria.valid">
                        <trim prefix="(" prefixOverrides="and" suffix=")">
                            <foreach collection="criteria.criteria" item="criterion">
                                <choose>
                                    <when test="criterion.noValue">
                                        ${criterion.condition}
                                    </when>
                                    <when test="criterion.singleValue">
                                        ${criterion.condition} #{criterion.value, jdbcType=${criterion.jdbcType}}
                                    </when>
                                    <when test="criterion.betweenValue">
                                        ${criterion.condition} #{criterion.value, jdbcType=${criterion.jdbcType}} and #{criterion.secondValue, jdbcType=${criterion.jdbcType}}
                                    </when>
                                    <when test="criterion.listValue">
                                        ${criterion.condition}
                                        <foreach close=")" collection="criterion.value" item="listItem" open="("
                                                 separator=",">
                                            #{listItem, jdbcType=${criterion.jdbcType}}
                                        </foreach>
                                    </when>
                                </choose>
                            </foreach>
                        </trim>
                    </if>
                </foreach>
            </trim>
        </where></sql>
   <update id="updateFieldBatch" parameterType="java.util.List">
           <foreach collection="list" index="index" item="example" separator=";">
               update voucher 
                   set 
               <trim prefixOverrides="," suffixOverrides=",">
                   ${example.updateSql} 
               </trim>
               <if test="example != null">
                   <include refid="Update_By_Example_Where_Clause" />
               </if>           </foreach>
  </update>
    <select id="get" parameterType="com.bage.mybatis.help.MyBatisWrapper" resultMap="BaseResultMap">
    select
    <if test="selectBuilder != null">
      <trim prefixOverrides="," suffixOverrides=",">
         ${selectBuilder} 
      </trim>
    </if>
    from voucher
    <if test="_parameter != null">
      <include refid="Example_Where_Clause" />
    </if>
    <if test="orderByClause != null">
      order by ${orderByClause}
    </if>
  </select>

  <update id="updateBatchSelective" parameterType="java.util.List">
    update voucher
   <trim prefix="set" suffixOverrides=",">
      <trim prefix="id = case" suffix="end,">
        <foreach collection="list" index="index" item="item">
          <if test="item.id != null">
            when id = #{item.id,jdbcType=BIGINT} then #{item.id,jdbcType=BIGINT}
          </if>
        </foreach>
      </trim>
  </trim>
   <trim prefix="set" suffixOverrides=",">
      <trim prefix="voucher_word_config_id = case" suffix="end,">
        <foreach collection="list" index="index" item="item">
          <if test="item.voucherWordConfigId != null">
            when id = #{item.id,jdbcType=BIGINT} then #{item.voucherWordConfigId,jdbcType=BIGINT}
          </if>
        </foreach>
      </trim>
  </trim>
   <trim prefix="set" suffixOverrides=",">
      <trim prefix="voucher_number = case" suffix="end,">
        <foreach collection="list" index="index" item="item">
          <if test="item.voucherNumber != null">
            when id = #{item.id,jdbcType=BIGINT} then #{item.voucherNumber,jdbcType=INTEGER}
          </if>
        </foreach>
      </trim>
  </trim>
   <trim prefix="set" suffixOverrides=",">
      <trim prefix="voucher_date = case" suffix="end,">
        <foreach collection="list" index="index" item="item">
          <if test="item.voucherDate != null">
            when id = #{item.id,jdbcType=BIGINT} then #{item.voucherDate,jdbcType=TIMESTAMP}
          </if>
        </foreach>
      </trim>
  </trim>
   <trim prefix="set" suffixOverrides=",">
      <trim prefix="document_num = case" suffix="end,">
        <foreach collection="list" index="index" item="item">
          <if test="item.documentNum != null">
            when id = #{item.id,jdbcType=BIGINT} then #{item.documentNum,jdbcType=INTEGER}
          </if>
        </foreach>
      </trim>
  </trim>
   <trim prefix="set" suffixOverrides=",">
      <trim prefix="total_amount = case" suffix="end,">
        <foreach collection="list" index="index" item="item">
          <if test="item.totalAmount != null">
            when id = #{item.id,jdbcType=BIGINT} then #{item.totalAmount,jdbcType=DECIMAL}
          </if>
        </foreach>
      </trim>
  </trim>
   <trim prefix="set" suffixOverrides=",">
      <trim prefix="notes = case" suffix="end,">
        <foreach collection="list" index="index" item="item">
          <if test="item.notes != null">
            when id = #{item.id,jdbcType=BIGINT} then #{item.notes,jdbcType=VARCHAR}
          </if>
        </foreach>
      </trim>
  </trim>
   <trim prefix="set" suffixOverrides=",">
      <trim prefix="tenant_id = case" suffix="end,">
        <foreach collection="list" index="index" item="item">
          <if test="item.tenantId != null">
            when id = #{item.id,jdbcType=BIGINT} then #{item.tenantId,jdbcType=BIGINT}
          </if>
        </foreach>
      </trim>
  </trim>
   <trim prefix="set" suffixOverrides=",">
      <trim prefix="disable = case" suffix="end,">
        <foreach collection="list" index="index" item="item">
          <if test="item.disable != null">
            when id = #{item.id,jdbcType=BIGINT} then #{item.disable,jdbcType=BIT}
          </if>
        </foreach>
      </trim>
  </trim>
   <trim prefix="set" suffixOverrides=",">
      <trim prefix="create_time = case" suffix="end,">
        <foreach collection="list" index="index" item="item">
          <if test="item.createTime != null">
            when id = #{item.id,jdbcType=BIGINT} then #{item.createTime,jdbcType=TIMESTAMP}
          </if>
        </foreach>
      </trim>
  </trim>
   <trim prefix="set" suffixOverrides=",">
      <trim prefix="update_time = case" suffix="end,">
        <foreach collection="list" index="index" item="item">
          <if test="item.updateTime != null">
            when id = #{item.id,jdbcType=BIGINT} then #{item.updateTime,jdbcType=TIMESTAMP}
          </if>
        </foreach>
      </trim>
  </trim>
   <trim prefix="set" suffixOverrides=",">
      <trim prefix="member_id = case" suffix="end,">
        <foreach collection="list" index="index" item="item">
          <if test="item.memberId != null">
            when id = #{item.id,jdbcType=BIGINT} then #{item.memberId,jdbcType=BIGINT}
          </if>
        </foreach>
      </trim>
  </trim>
   <trim prefix="set" suffixOverrides=",">
      <trim prefix="update_member_id = case" suffix="end,">
        <foreach collection="list" index="index" item="item">
          <if test="item.updateMemberId != null">
            when id = #{item.id,jdbcType=BIGINT} then #{item.updateMemberId,jdbcType=BIGINT}
          </if>
        </foreach>
      </trim>
  </trim>
   <trim prefix="set" suffixOverrides=",">
      <trim prefix="del_flag = case" suffix="end,">
        <foreach collection="list" index="index" item="item">
          <if test="item.delFlag != null">
            when id = #{item.id,jdbcType=BIGINT} then #{item.delFlag,jdbcType=BIT}
          </if>
        </foreach>
      </trim>
  </trim>
   <trim prefix="set" suffixOverrides=",">
      <trim prefix="version = case" suffix="end,">
        <foreach collection="list" index="index" item="item">
          <if test="item.version != null">
            when id = #{item.id,jdbcType=BIGINT} then #{item.version,jdbcType=INTEGER}
          </if>
        </foreach>
      </trim>
  </trim>
  where id in
    <foreach close=")" collection="list" item="item" open="(" separator=", ">
      #{item.id,jdbcType=BIGINT}
    </foreach>
</update>

  <insert id="insertBatch" keyColumn="id" keyProperty="id" parameterType="java.util.Collection" useGeneratedKeys="true">
    insert into voucher (voucher_word_config_id, voucher_number, voucher_date, document_num, total_amount, notes, tenant_id, disable, create_time, update_time, member_id, update_member_id, del_flag, version) values
    <foreach collection="list" index="index" item="item" separator=",">
      <trim prefix="(" suffix=")" suffixOverrides=",">
        #{item.voucherWordConfigId, jdbcType=BIGINT},
        #{item.voucherNumber, jdbcType=INTEGER},
        #{item.voucherDate, jdbcType=TIMESTAMP},
        #{item.documentNum, jdbcType=INTEGER},
        #{item.totalAmount, jdbcType=DECIMAL},
        #{item.notes, jdbcType=VARCHAR},
        #{item.tenantId, jdbcType=BIGINT},
        #{item.disable, jdbcType=BIT},
        #{item.createTime, jdbcType=TIMESTAMP},
        #{item.updateTime, jdbcType=TIMESTAMP},
        #{item.memberId, jdbcType=BIGINT},
        #{item.updateMemberId, jdbcType=BIGINT},
        #{item.delFlag, jdbcType=BIT},
        #{item.version, jdbcType=INTEGER},
      </trim>
    </foreach>
  </insert>
  <insert id="insertBatchSelective" keyColumn="id" parameterType="java.util.List">
    <foreach collection="list" index="index" item="item" separator=";">
      insert into voucher 
      <trim prefix="(" suffix=")" suffixOverrides=",">
        <if test="item.voucherWordConfigId != null">
          voucher_word_config_id,
        </if>
        <if test="item.voucherNumber != null">
          voucher_number,
        </if>
        <if test="item.voucherDate != null">
          voucher_date,
        </if>
        <if test="item.documentNum != null">
          document_num,
        </if>
        <if test="item.totalAmount != null">
          total_amount,
        </if>
        <if test="item.notes != null">
          notes,
        </if>
        <if test="item.tenantId != null">
          tenant_id,
        </if>
        <if test="item.disable != null">
          disable,
        </if>
        <if test="item.createTime != null">
          create_time,
        </if>
        <if test="item.updateTime != null">
          update_time,
        </if>
        <if test="item.memberId != null">
          member_id,
        </if>
        <if test="item.updateMemberId != null">
          update_member_id,
        </if>
        <if test="item.delFlag != null">
          del_flag,
        </if>
        <if test="item.version != null">
          version,
        </if>
      </trim>
       values 
      <trim prefix="(" suffix=")" suffixOverrides=",">
        <if test="item.voucherWordConfigId != null">
          #{item.voucherWordConfigId, jdbcType=BIGINT},
        </if>
        <if test="item.voucherNumber != null">
          #{item.voucherNumber, jdbcType=INTEGER},
        </if>
        <if test="item.voucherDate != null">
          #{item.voucherDate, jdbcType=TIMESTAMP},
        </if>
        <if test="item.documentNum != null">
          #{item.documentNum, jdbcType=INTEGER},
        </if>
        <if test="item.totalAmount != null">
          #{item.totalAmount, jdbcType=DECIMAL},
        </if>
        <if test="item.notes != null">
          #{item.notes, jdbcType=VARCHAR},
        </if>
        <if test="item.tenantId != null">
          #{item.tenantId, jdbcType=BIGINT},
        </if>
        <if test="item.disable != null">
          #{item.disable, jdbcType=BIT},
        </if>
        <if test="item.createTime != null">
          #{item.createTime, jdbcType=TIMESTAMP},
        </if>
        <if test="item.updateTime != null">
          #{item.updateTime, jdbcType=TIMESTAMP},
        </if>
        <if test="item.memberId != null">
          #{item.memberId, jdbcType=BIGINT},
        </if>
        <if test="item.updateMemberId != null">
          #{item.updateMemberId, jdbcType=BIGINT},
        </if>
        <if test="item.delFlag != null">
          #{item.delFlag, jdbcType=BIT},
        </if>
        <if test="item.version != null">
          #{item.version, jdbcType=INTEGER},
        </if>
      </trim>
    </foreach>
  </insert>
</mapper>