<?xml version="1.0" encoding="UTF-8"?>
<!DOCTYPE generatorConfiguration PUBLIC "-//mybatis.org//DTD MyBatis Generator Configuration 1.0//EN"
        "http://mybatis.org/dtd/mybatis-generator-config_1_0.dtd">
<generatorConfiguration>
    <context id="DAO" targetRuntime="MyBatis3">
        <!--覆盖生成的mapper.xml文件-->
        <plugin type="org.mybatis.generator.plugins.UnmergeableXmlMappersPlugin"/>
        <plugin type="com.bage.mybatis.generator.plugin.MapperPlugin"/>
        <plugin type="com.bage.mybatis.generator.plugin.ListPlugin"/>
        <plugin type="com.bage.mybatis.generator.plugin.InitModelDefaultValuePlugin"/>
        <plugin type="com.bage.mybatis.generator.plugin.FieldAttributePlugin">
        </plugin>
        <plugin type="com.bage.mybatis.generator.plugin.ExampleWhereClausePlugin">
        </plugin>
        <plugin type="com.bage.mybatis.generator.plugin.TopOnePlugin">
        </plugin>
        <plugin type="com.bage.mybatis.generator.plugin.CountPlugin">
        </plugin>
        <plugin type="com.bage.mybatis.generator.plugin.UpdateFieldPlugin">
        </plugin>
        <plugin type="com.bage.mybatis.generator.plugin.UpdateByExampleWhereClausePlugin">
        </plugin>
        <plugin type="com.bage.mybatis.generator.plugin.UpdateFieldBatchPlugin">
        </plugin>
        <plugin type="com.bage.mybatis.generator.plugin.GetPlugin">
        </plugin>
        <plugin type="com.bage.mybatis.generator.plugin.UpdateBatchSelectivePlugin">
        </plugin>
        <plugin type="com.bage.mybatis.generator.plugin.InsertBatchPlugin">
        </plugin>
        <plugin type="com.bage.mybatis.generator.plugin.InsertSelectiveBatchPlugin">
        </plugin>
        <commentGenerator type="com.bage.mybatis.generator.plugin.GeneratorCommentPlugin">
            <!-- 是否去除所有自动生成的注释 true：是 ： false:否 -->
            <property name="suppressAllComments" value="false"/>
            <!-- 是否添加数据库内的注释 true：是 ： false:否 -->
            <property name="addRemarkComments" value="true"/>
            <!-- 是否去除自动生成日期的注释 true：是 ： false:否 -->
            <property name="suppressDate" value="false"/>
            <property name="author" value="bage"/>
        </commentGenerator>

        <jdbcConnection
                driverClass="com.mysql.cj.jdbc.Driver"
                connectionURL="jdbc:mysql://localhost:3306/bage-finance-local?useUnicode=true&amp;useSSL=false&amp;characterEncoding=utf8&amp;allowPublicKeyRetrieval=true&amp;serverTimezone=Asia/Shanghai"
                userId="root"
                password="123456"
        >
            <property name="nullCatalogMeansCurrent" value="true"/>
        </jdbcConnection>

        <javaModelGenerator
                targetPackage="com.bage.finance.biz.domain"
                targetProject="D:\MyProject\chengxuyuanbage\bage-finance-service\bage-finance-biz\src\main\java"
        />

        <!--自动生成的*Mapper.xml文件存放路径 (src/main/resources/文件夹一定要提前建好，否则不生成文件) -->
        <sqlMapGenerator targetPackage="com.bage.finance.biz.mapper"
                         targetProject="D:\MyProject\chengxuyuanbage\bage-finance-service\bage-finance-biz\src\main\resources\">
            <property name="enableSubPackages" value="false"/>
        </sqlMapGenerator>

        <!--mapper接口生成位置 -->
        <javaClientGenerator
                type="XMLMAPPER"
                targetPackage="com.bage.finance.biz.mapper"
                targetProject="D:\MyProject\chengxuyuanbage\bage-finance-service\bage-finance-biz\src\main\java">
            <property name="enableSubPackages" value="false"/>
        </javaClientGenerator>

        <table tableName="member" domainObjectName="Member" enableCountByExample="false"
               enableUpdateByExample="false" enableDeleteByExample="false"
               enableSelectByExample="false" selectByExampleQueryId="false">
            <generatedKey column="id" sqlStatement="MySql" identity="true"/>
        </table>
        <table tableName="member_bind_phone" domainObjectName="MemberBindPhone" enableCountByExample="false"
               enableUpdateByExample="false" enableDeleteByExample="false"
               enableSelectByExample="false" selectByExampleQueryId="false">
            <generatedKey column="id" sqlStatement="MySql" identity="true"/>
        </table>
        <table tableName="member_bind_wx_openid" domainObjectName="MemberBindWxOpenId" enableCountByExample="false"
               enableUpdateByExample="false" enableDeleteByExample="false"
               enableSelectByExample="false" selectByExampleQueryId="false">
            <generatedKey column="id" sqlStatement="MySql" identity="true"/>
        </table>
        <table tableName="member_bind_wx_unionid" domainObjectName="MemberBindWxUnionId" enableCountByExample="false"
               enableUpdateByExample="false" enableDeleteByExample="false"
               enableSelectByExample="false" selectByExampleQueryId="false">
            <generatedKey column="id" sqlStatement="MySql" identity="true"/>
        </table>
        <table tableName="account_book" domainObjectName="AccountBook" enableCountByExample="false"
               enableUpdateByExample="false" enableDeleteByExample="false"
               enableSelectByExample="false" selectByExampleQueryId="false">
            <generatedKey column="id" sqlStatement="MySql" identity="true"/>
        </table>
        <table tableName="data_dictionary" domainObjectName="DataDictionary" enableCountByExample="false"
               enableUpdateByExample="false" enableDeleteByExample="false"
               enableSelectByExample="false" selectByExampleQueryId="false">
            <generatedKey column="id" sqlStatement="MySql" identity="true"/>
        </table>
        <table tableName="sys_config" domainObjectName="SysConfig" enableCountByExample="false"
               enableUpdateByExample="false" enableDeleteByExample="false"
               enableSelectByExample="false" selectByExampleQueryId="false">
            <generatedKey column="id" sqlStatement="MySql" identity="true"/>
            <columnOverride column="config_value" javaType="java.lang.String" jdbcType="VARCHAR"/>
        </table>
        <table tableName="sys_role" domainObjectName="SysRole" enableCountByExample="false"
               enableUpdateByExample="false" enableDeleteByExample="false"
               enableSelectByExample="false" selectByExampleQueryId="false">
            <generatedKey column="id" sqlStatement="MySql" identity="true"/>
        </table>
        <table tableName="assist_calculate" domainObjectName="AssistCalculate" enableCountByExample="false"
               enableUpdateByExample="false" enableDeleteByExample="false"
               enableSelectByExample="false" selectByExampleQueryId="false">
            <generatedKey column="id" sqlStatement="MySql" identity="true"/>
        </table>
        <table tableName="assist_calculate_cate" domainObjectName="AssistCalculateCate" enableCountByExample="false"
               enableUpdateByExample="false" enableDeleteByExample="false"
               enableSelectByExample="false" selectByExampleQueryId="false">
            <generatedKey column="id" sqlStatement="MySql" identity="true"/>
            <columnOverride column="customer_column" javaType="java.lang.String" jdbcType="VARCHAR"/>
        </table>
        <table tableName="currency_config" domainObjectName="CurrencyConfig" enableCountByExample="false"
               enableUpdateByExample="false" enableDeleteByExample="false"
               enableSelectByExample="false" selectByExampleQueryId="false">
            <generatedKey column="id" sqlStatement="MySql" identity="true"/>
        </table>
        <table tableName="subject" domainObjectName="Subject" enableCountByExample="false"
               enableUpdateByExample="false" enableDeleteByExample="false"
               enableSelectByExample="false" selectByExampleQueryId="false">
            <generatedKey column="id" sqlStatement="MySql" identity="true"/>
            <columnOverride column="balance_direction" javaType="java.lang.Integer" jdbcType="TINYINT"/>
            <columnOverride column="level" javaType="java.lang.Integer" jdbcType="TINYINT"/>
        </table>
        <table tableName="voucher_word_config" domainObjectName="VoucherWordConfig" enableCountByExample="false"
               enableUpdateByExample="false" enableDeleteByExample="false"
               enableSelectByExample="false" selectByExampleQueryId="false">
            <generatedKey column="id" sqlStatement="MySql" identity="true"/>
        </table>
        <table tableName="tenant" domainObjectName="Tenant" enableCountByExample="false"
               enableUpdateByExample="false" enableDeleteByExample="false"
               enableSelectByExample="false" selectByExampleQueryId="false">
            <generatedKey column="id" sqlStatement="MySql" identity="true"/>
        </table>
        <table tableName="tenant_sys_config" domainObjectName="TenantSysConfig" enableCountByExample="false"
               enableUpdateByExample="false" enableDeleteByExample="false"
               enableSelectByExample="false" selectByExampleQueryId="false">
            <generatedKey column="id" sqlStatement="MySql" identity="true"/>
            <columnOverride column="config_value" javaType="java.lang.String" jdbcType="VARCHAR"/>
        </table>
        <table tableName="sys_menu" domainObjectName="SysMenu" enableCountByExample="false"
               enableUpdateByExample="false" enableDeleteByExample="false"
               enableSelectByExample="false" selectByExampleQueryId="false">
            <generatedKey column="id" sqlStatement="MySql" identity="true"/>
        </table>

        <table tableName="sys_resource" domainObjectName="SysResource" enableCountByExample="false"
               enableUpdateByExample="false" enableDeleteByExample="false"
               enableSelectByExample="false" selectByExampleQueryId="false">
            <generatedKey column="id" sqlStatement="MySql" identity="true"/>
        </table>
        <table tableName="sys_role_bind_menu" domainObjectName="SysRoleBindMenu" enableCountByExample="false"
               enableUpdateByExample="false" enableDeleteByExample="false"
               enableSelectByExample="false" selectByExampleQueryId="false">
            <generatedKey column="id" sqlStatement="MySql" identity="true"/>
        </table>
        <table tableName="sys_role_bind_resource" domainObjectName="SysRoleBindResource" enableCountByExample="false"
               enableUpdateByExample="false" enableDeleteByExample="false"
               enableSelectByExample="false" selectByExampleQueryId="false">
            <generatedKey column="id" sqlStatement="MySql" identity="true"/>
        </table>
        <table tableName="account_book" domainObjectName="AccountBook" enableCountByExample="false"
               enableUpdateByExample="false" enableDeleteByExample="false"
               enableSelectByExample="false" selectByExampleQueryId="false">
            <generatedKey column="id" sqlStatement="MySql" identity="true"/>
        </table>
        <table tableName="data_dictionary" domainObjectName="DataDictionary" enableCountByExample="false"
               enableUpdateByExample="false" enableDeleteByExample="false"
               enableSelectByExample="false" selectByExampleQueryId="false">
            <generatedKey column="id" sqlStatement="MySql" identity="true"/>
        </table>
        <table tableName="currency_config" domainObjectName="CurrencyConfig" enableCountByExample="false"
               enableUpdateByExample="false" enableDeleteByExample="false"
               enableSelectByExample="false" selectByExampleQueryId="false">
            <generatedKey column="id" sqlStatement="MySql" identity="true"/>
        </table>
        <table tableName="voucher_word_config" domainObjectName="VoucherWordConfig" enableCountByExample="false"
               enableUpdateByExample="false" enableDeleteByExample="false"
               enableSelectByExample="false" selectByExampleQueryId="false">
            <generatedKey column="id" sqlStatement="MySql" identity="true"/>
        </table>
        <table tableName="assist_calculate_cate" domainObjectName="AssistCalculateCate" enableCountByExample="false"
               enableUpdateByExample="false" enableDeleteByExample="false"
               enableSelectByExample="false" selectByExampleQueryId="false">
            <generatedKey column="id" sqlStatement="MySql" identity="true"/>
            <columnOverride column="customer_column" javaType="java.lang.String" jdbcType="VARCHAR"/>
        </table>
        <table tableName="assist_calculate_custom" domainObjectName="AssistCalculateCustom" enableCountByExample="false"
               enableUpdateByExample="false" enableDeleteByExample="false"
               enableSelectByExample="false" selectByExampleQueryId="false">
            <generatedKey column="id" sqlStatement="MySql" identity="true"/>
        </table>
        <table tableName="assist_calculate_customer" domainObjectName="AssistCalculateCustomer"
               enableCountByExample="false"
               enableUpdateByExample="false" enableDeleteByExample="false"
               enableSelectByExample="false" selectByExampleQueryId="false">
            <generatedKey column="id" sqlStatement="MySql" identity="true"/>
        </table>
        <table tableName="assist_calculate_supplier" domainObjectName="AssistCalculateSupplier"
               enableCountByExample="false"
               enableUpdateByExample="false" enableDeleteByExample="false"
               enableSelectByExample="false" selectByExampleQueryId="false">
            <generatedKey column="id" sqlStatement="MySql" identity="true"/>
        </table>
        <table tableName="assist_calculate_employee" domainObjectName="AssistCalculateEmployee"
               enableCountByExample="false"
               enableUpdateByExample="false" enableDeleteByExample="false"
               enableSelectByExample="false" selectByExampleQueryId="false">
            <generatedKey column="id" sqlStatement="MySql" identity="true"/>
            <columnOverride column="sex" javaType="java.lang.Integer" jdbcType="TINYINT"/>
        </table>
        <table tableName="assist_calculate_department" domainObjectName="AssistCalculateDepartment"
               enableCountByExample="false"
               enableUpdateByExample="false" enableDeleteByExample="false"
               enableSelectByExample="false" selectByExampleQueryId="false">
            <generatedKey column="id" sqlStatement="MySql" identity="true"/>
        </table>
        <table tableName="assist_calculate_project" domainObjectName="AssistCalculateProject"
               enableCountByExample="false"
               enableUpdateByExample="false" enableDeleteByExample="false"
               enableSelectByExample="false" selectByExampleQueryId="false">
            <generatedKey column="id" sqlStatement="MySql" identity="true"/>
        </table>
        <table tableName="assist_calculate_inventory" domainObjectName="AssistCalculateInventory"
               enableCountByExample="false"
               enableUpdateByExample="false" enableDeleteByExample="false"
               enableSelectByExample="false" selectByExampleQueryId="false">
            <generatedKey column="id" sqlStatement="MySql" identity="true"/>
        </table>
        <table tableName="assist_calculate_cash_flow" domainObjectName="AssistCalculateCashFlow"
               enableCountByExample="false"
               enableUpdateByExample="false" enableDeleteByExample="false"
               enableSelectByExample="false" selectByExampleQueryId="false">
            <generatedKey column="id" sqlStatement="MySql" identity="true"/>
        </table>
        <table tableName="assist_calculate_summary" domainObjectName="AssistCalculateSummary"
               enableCountByExample="false"
               enableUpdateByExample="false" enableDeleteByExample="false"
               enableSelectByExample="false" selectByExampleQueryId="false">
            <generatedKey column="id" sqlStatement="MySql" identity="true"/>
        </table>
        <table tableName="tenant_sys_config" domainObjectName="TenantSysConfig" enableCountByExample="false"
               enableUpdateByExample="false" enableDeleteByExample="false"
               enableSelectByExample="false" selectByExampleQueryId="false">
            <generatedKey column="id" sqlStatement="MySql" identity="true"/>
            <columnOverride column="config_value" javaType="java.lang.String" jdbcType="VARCHAR"/>
        </table>
        <table tableName="subject" domainObjectName="Subject" enableCountByExample="false"
               enableUpdateByExample="false" enableDeleteByExample="false"
               enableSelectByExample="false" selectByExampleQueryId="false">
            <generatedKey column="id" sqlStatement="MySql" identity="true"/>
            <columnOverride column="balance_direction" javaType="java.lang.Integer" jdbcType="TINYINT"/>
            <columnOverride column="subject_type" javaType="java.lang.Integer" jdbcType="TINYINT"/>
        </table>
        <table tableName="mq_msg"
               domainObjectName="MqMsg" enableCountByExample="false"
               enableUpdateByExample="false" enableDeleteByExample="false"
               enableSelectByExample="false" selectByExampleQueryId="false">
            <generatedKey column="id" sqlStatement="MySql" identity="true"/>
            <columnOverride column="msg_status" javaType="java.lang.Integer" jdbcType="TINYINT"/>
        </table>
        <table tableName="voucher" domainObjectName="Voucher" enableCountByExample="false"
               enableUpdateByExample="false" enableDeleteByExample="false"
               enableSelectByExample="false" selectByExampleQueryId="false">
            <generatedKey column="id" sqlStatement="MySql" identity="true"/>
        </table>
        <table tableName="voucher_subject_detail" domainObjectName="VoucherSubjectDetail" enableCountByExample="false"
               enableUpdateByExample="false" enableDeleteByExample="false"
               enableSelectByExample="false" selectByExampleQueryId="false">
            <generatedKey column="id" sqlStatement="MySql" identity="true"/>
        </table>
        <table tableName="voucher_subject_assist_calculate_detail"
               domainObjectName="VoucherSubjectAssistCalculateDetail" enableCountByExample="false"
               enableUpdateByExample="false" enableDeleteByExample="false"
               enableSelectByExample="false" selectByExampleQueryId="false">
            <generatedKey column="id" sqlStatement="MySql" identity="true"/>
        </table>
        <table tableName="folder"
               domainObjectName="Folder" enableCountByExample="false"
               enableUpdateByExample="false" enableDeleteByExample="false"
               enableSelectByExample="false" selectByExampleQueryId="false">
            <generatedKey column="id" sqlStatement="MySql" identity="true"/>
        </table>
        <table tableName="file"
               domainObjectName="File" enableCountByExample="false"
               enableUpdateByExample="false" enableDeleteByExample="false"
               enableSelectByExample="false" selectByExampleQueryId="false">
            <generatedKey column="id" sqlStatement="MySql" identity="true"/>
        </table>
        <table tableName="file_ref_mapping"
               domainObjectName="FileRefMapping" enableCountByExample="false"
               enableUpdateByExample="false" enableDeleteByExample="false"
               enableSelectByExample="false" selectByExampleQueryId="false">
            <generatedKey column="id" sqlStatement="MySql" identity="true"/>
            <columnOverride column="ref_type" javaType="java.lang.Integer" jdbcType="TINYINT"/>
        </table>
    </context>
</generatorConfiguration>
